date,rainfall_mm,temperature_c,humidity,pressure_hpa,river_level,soil_moisture,slope,flood_risk
2023-01-01,4.668783744510131,28.638230340188002,72.70282358195607,1009.0979296226923,0.44448687945207244,46.59520038384752,moderate,LOW
2023-01-02,3.616033506010508,28.7792459254603,71.88895967714474,1013.1320613951224,1.036050804332166,48.81497042166589,flat,LOW
2023-01-03,4.900263015538453,28.81632350893698,67.75037044506874,1012.6302752729094,0.6032715591320914,54.29282882304898,steep,LOW
2023-01-04,2.5167189226542885,28.577212687407783,69.82722032182039,1013.8254652231919,0.845456034591785,60.369041044491375,steep,LOW
2023-01-05,2.3241589702309824,28.68190609528278,73.64486146360446,1012.7721050846902,0.5248232653128326,39.577255335695966,moderate,LOW
2023-01-06,6.4087283183306285,27.28986759809433,70.71577134152598,1011.6689805854226,0.8541712555416393,46.778109911734695,moderate,LOW
2023-01-07,6.9884665840526905,28.80758854923609,68.33789534744446,1013.57823879738,0.9626490552204254,35.84817924861824,moderate,LOW
2023-01-08,2.4189613262869747,28.081899497667834,75.47470655617198,1011.2683377686135,0.9783540085421748,33.58275579763241,moderate,LOW
2023-01-09,4.18182945027163,28.908460669295703,71.96673617599963,1012.3025498555031,0.6471394935879325,51.633105586340825,moderate,LOW
2023-01-10,1.001756982052307,27.641283088397962,70.48580372026882,1013.2848514721411,0.8876476932477266,42.15949502295211,moderate,LOW
2023-01-11,5.905590680266888,28.779518951701064,64.69037029466675,1012.2738923068698,0.693149386704421,37.514961082916756,moderate,LOW
2023-01-12,2.4211883403032255,28.83582722683569,70.23265588014972,1014.3307702179455,0.7116964539771925,42.400090066736404,moderate,LOW
2023-01-13,0.5632950377484255,27.430067638725642,63.01376586199259,1013.7995484534468,0.4820796617262112,42.437356377386536,steep,LOW
2023-01-14,2.6903367288891618,27.77818594120519,66.97281221066186,1011.0999558901789,0.6555967819581968,51.28570747153514,flat,LOW
2023-01-15,5.145487799453447,28.086457284698177,60.769710728057724,1013.1442590154278,0.6448091397258511,47.40055664940094,moderate,LOW
2023-01-16,10.96858149360587,27.779509952477543,68.89637817478157,1013.4399933679435,1.204325616214197,52.49106594544293,flat,LOW
2023-01-17,10.12097504792842,28.122860126137542,63.36712029297237,1012.2203803936885,0.5076430888298491,50.9642028848901,flat,LOW
2023-01-18,0.7730419191949869,28.921637772203994,72.1906328394719,1016.9934617833836,1.440061245289757,48.01682232081122,moderate,LOW
2023-01-19,0.25862413057249795,28.056440379474942,65.92321369910158,1011.7758064018803,0.6686816403544912,52.50065523509938,steep,LOW
2023-01-20,3.207041473816175,27.402804023343567,65.56846045463334,1012.8924348983634,1.1900881005022135,46.39297787138263,flat,LOW
2023-01-21,2.353204274237616,28.00599405900212,64.37386967732124,1017.2569394648704,0.5299513943074677,51.22240506729006,moderate,LOW
2023-01-22,7.27214461476517,28.688083676233006,67.79618736932284,1011.6904246091412,0.9206002195919976,42.905937329829314,moderate,LOW
2023-01-23,0.9988898866475484,30.111732498864285,68.7999580678672,1012.7627233477803,0.786439883200349,54.29184567494491,moderate,LOW
2023-01-24,2.5579351050485197,29.226278727022432,75.67877995997996,1013.3664688744439,0.4322517686456027,35.80657587103762,flat,LOW
2023-01-25,11.752710895560845,28.611276068838304,75.30722146121101,1010.7859086359131,0.6526089086944561,51.26619419715744,steep,LOW
2023-01-26,3.6511812960706305,29.222165942650097,75.03740930656858,1013.1811698138035,0.9157524177602738,31.19647248719344,moderate,LOW
2023-01-27,1.660350840248293,28.2835826582859,66.32938279649593,1014.8318050847121,0.39330708316883334,45.46347307419816,flat,LOW
2023-01-28,5.353501951642478,28.757672120496704,73.01378912652302,1014.0762308740078,1.114652056135323,44.72148553799707,steep,LOW
2023-01-29,3.02980338652117,29.194473135017702,62.57805963883317,1013.1809795632557,0.8025041333325438,63.076788770715616,moderate,LOW
2023-01-30,1.6425380166532904,27.915552608882347,65.04646493018257,1013.6312100071807,1.0261014754718576,40.14279383829273,moderate,LOW
2023-01-31,0.2508255289286227,28.26914454698698,65.35280286316963,1011.2462784436648,0.6801967443707901,32.73352508984288,moderate,LOW
2023-02-01,14.629415172174493,28.2740858734405,77.18456764160658,1018.8101343384808,0.626549570376282,44.61666957830996,flat,LOW
2023-02-02,11.78586154671741,28.987389100630573,71.88668788030873,1013.8695321489332,0.7827489053932364,45.83111848039532,flat,LOW
2023-02-03,2.9917991426718284,29.401093600669768,65.22336390590492,1013.9430770450903,0.9980559415950345,46.53677516508004,moderate,LOW
2023-02-04,3.8299685322921198,28.66949743700618,69.58247130836654,1012.8054268031731,1.2807416052170304,56.587979597170516,moderate,LOW
2023-02-05,1.8076408958512782,29.486686775124888,62.43794264008291,1015.3822859061777,0.7928019197245538,48.63214995811897,flat,LOW
2023-02-06,7.252402244141644,28.420054163782098,65.64237596275025,1013.527434408713,0.8219027332511856,44.042662035996365,flat,LOW
2023-02-07,2.955454574009738,30.515842692647805,55.16670779534351,1012.5262994709806,0.7884599239532577,47.515276113911156,flat,LOW
2023-02-08,0.5051583364062588,30.750383017901257,60.33069297541931,1014.7276560273964,0.6254460692653704,44.646503329659005,moderate,LOW
2023-02-09,2.7444073514061347,29.864075255548556,76.66155802704972,1015.3548237779554,0.8509377800034861,57.61920278588547,moderate,LOW
2023-02-10,6.788228368913545,29.480221686964324,64.51288088349861,1014.9791678691897,0.5072475197549867,51.49468665226066,steep,LOW
2023-02-11,3.8839622629038884,30.05629135111802,77.10323078823401,1014.4615493822773,0.36524937003024815,45.11392212914817,steep,LOW
2023-02-12,2.310697548019509,29.99380301015064,64.50534785710627,1010.9725652671192,0.7428559864393578,36.83068358653503,flat,LOW
2023-02-13,4.694769455151177,29.99852526567162,56.5435524570095,1013.6087334580606,0.7884299351354122,48.60144741588152,moderate,LOW
2023-02-14,5.762474533194537,30.71956755795643,69.84178306350329,1014.6931679716868,0.6437012026174694,51.56071700974265,moderate,LOW
2023-02-15,4.417898960963442,29.781919160445288,63.68327367630309,1012.7049426395193,0.7281378513013619,48.34644189461898,steep,LOW
2023-02-16,1.304855042067402,30.777181322378183,64.28205885593718,1011.3554999654193,0.7701493735888094,51.10642458970735,moderate,LOW
2023-02-17,9.341526273830183,30.291373504032816,70.77058250662047,1017.6553062006922,0.7888324718909416,32.376572896608934,moderate,LOW
2023-02-18,2.44815599198387,30.690979140820843,59.98870229470538,1010.4967055717877,0.33640285560004457,39.80826936861961,moderate,LOW
2023-02-19,5.493713717640741,28.538060071538943,56.44948281683678,1013.1087071707808,0.6644616973550271,49.03975745966239,flat,LOW
2023-02-20,4.101340953169192,29.87608171843672,70.65032352800733,1011.5906534742602,0.7166172608396733,46.99263381957408,flat,LOW
2023-02-21,2.599082436623391,29.503979838823405,67.41228916335935,1014.6590380840481,0.24072114378581183,36.31455606897018,flat,LOW
2023-02-22,0.16780459773699363,30.3396275646471,66.57557966808713,1013.3955801638837,0.974821443143753,54.31897361553439,flat,LOW
2023-02-23,1.795579273534008,29.684526817288187,74.76792944784698,1013.1842533168682,0.5175841331461445,41.10853442563895,moderate,LOW
2023-02-24,1.58146536220669,30.428253945319074,76.60384915582992,1010.2356369692459,0.82192884749808,37.95341223022827,flat,LOW
2023-02-25,3.2839296596862333,30.549886010520098,64.97499643595634,1011.9321995232528,0.48182084207287096,40.912606512140044,moderate,LOW
2023-02-26,3.1230273096474335,30.118112861147853,74.60330827764083,1012.3144276982713,0.3776309554332785,52.939011012451,moderate,LOW
2023-02-27,8.18239303813193,29.744450468233175,69.74387947023148,1016.9020251202526,1.3419810278354172,46.713026901649236,moderate,LOW
2023-02-28,7.985699545792437,30.136053899455163,67.87068576023071,1013.6278164229151,0.6114432916995352,35.07088247870608,moderate,LOW
2023-03-01,1.2174102725087392,29.654727438887758,77.68615581214759,1015.2119867398146,0.4777383750022242,47.61657070803301,moderate,LOW
2023-03-02,2.871339992285449,30.403740873985427,66.30370758057992,1015.1277030654687,0.4575855433486806,45.475074435378694,moderate,LOW
2023-03-03,4.38439337651834,30.000177893855902,70.90388547664898,1012.8864336112147,0.723164005356724,40.201282229399816,moderate,LOW
2023-03-04,1.645564151954779,30.434937250315453,71.32792618156715,1015.1705740088918,0.8163163140886291,43.24309348790337,moderate,LOW
2023-03-05,2.8092632219511287,28.49723409483891,66.32196315940676,1009.018376009752,0.3683737407724656,54.968425091990035,flat,LOW
2023-03-06,1.8912333656589353,27.607564842961615,65.28252246033682,1017.8408300244948,0.8370895683507958,41.366679002502416,moderate,LOW
2023-03-07,0.6803296821648672,30.07501236657839,67.56949674089476,1014.5816122433802,0.7963662517914861,49.78033157908071,flat,LOW
2023-03-08,7.111996300389551,29.234961958286604,63.5615217214272,1015.6715686726404,0.7588439478320782,55.893549189524336,moderate,LOW
2023-03-09,10.071860741170378,30.232719891634755,75.82359010834952,1012.2764590451117,0.615797387136316,43.37082965497708,flat,LOW
2023-03-10,0.6756122663050469,29.60957464978004,73.73906330366782,1008.2114793901991,0.5134927402185334,33.29606478130704,steep,LOW
2023-03-11,4.468789225174111,29.851739848252024,67.2040756430997,1013.4067764812398,0.5148978278918346,50.618265870069465,moderate,LOW
2023-03-12,4.960336458184452,30.304817728119097,78.17536651365533,1012.825811657895,0.6976342422891226,40.46935740622602,steep,LOW
2023-03-13,1.0420776306640698,29.669295220523562,63.55601343384541,1012.8586392366958,0.7992049465843896,45.51430605446475,flat,LOW
2023-03-14,7.12315824244599,29.964605689911725,64.73541927667644,1014.0968558416596,0.8538407705082159,35.931582920461565,flat,LOW
2023-03-15,4.518614059221712,30.25559133277215,60.725887573711056,1015.6723722000244,1.0797667071531836,43.910170768762505,steep,LOW
2023-03-16,2.8471899971030727,30.686002710623587,77.98648265373997,1010.6467705611414,0.5333419989352479,47.075217077734976,steep,LOW
2023-03-17,1.071266157706114,31.58166694349117,59.74120425910367,1010.4378615863084,0.610167340750382,41.516571033668036,steep,LOW
2023-03-18,4.448072991140157,30.54646895039396,65.11230556322175,1015.5488944338824,0.6098242107578724,41.21090396695538,steep,LOW
2023-03-19,6.495540120617268,28.79454314747148,70.69017219964125,1010.9313838966513,0.8562521297063248,36.00818997029917,moderate,LOW
2023-03-20,1.726613290884431,30.722322460498365,69.20822260838375,1011.7720463972142,1.0886939116185324,42.174425042644465,flat,LOW
2023-03-21,4.542591381780658,30.535783269317484,65.33273826417638,1012.1767233555676,1.108799530677545,38.397286339680065,steep,LOW
2023-03-22,11.026247981927497,29.84162698449514,58.315809796899075,1012.3790320476081,0.7938379822687451,45.32447031013333,flat,LOW
2023-03-23,5.7161680408833,28.976644277411324,71.49598365847444,1017.1053699638918,0.8287326037225144,43.49614907165295,flat,LOW
2023-03-24,5.862706323959543,29.161225818940512,59.34664197246391,1013.3287814059546,0.6903246074936905,58.814181039286254,flat,LOW
2023-03-25,11.389395340903473,30.652696194161685,69.59700131895615,1011.2619055042704,0.9151899587727871,55.19604115895672,moderate,LOW
2023-03-26,0.5592851808122299,29.465340919332682,66.2882953066806,1012.8368244606297,0.2819762237083041,33.77428440187708,steep,LOW
2023-03-27,2.3008331184509205,30.818897020810304,69.3618487763712,1011.572250351927,0.4053049440122034,51.195780241967995,flat,LOW
2023-03-28,16.645121000495994,30.504277453847553,67.16536034945717,1014.6335517344016,1.1059481153194783,56.25884321003077,moderate,LOW
2023-03-29,2.50007713343307,30.82919930348543,75.49187220148366,1012.0823190137014,0.6313077250532232,47.573552137103555,moderate,LOW
2023-03-30,7.370468052536201,29.536985987193788,64.08791833019276,1008.3592879752277,0.5696474096958419,39.69947739695895,moderate,LOW
2023-03-31,8.17398623147689,29.374839728138838,67.71522729393236,1015.0983472428827,0.5786200894434271,39.8520737472714,moderate,LOW
2023-04-01,3.0360000356748182,30.189062193983382,71.50831824044784,1010.9298437719187,0.7425188378380554,43.98056990480912,moderate,LOW
2023-04-02,0.677851079379306,29.919054743266038,62.888598591763355,1012.8076421261534,0.9921724805280152,29.136512744303438,moderate,LOW
2023-04-03,1.5221580066950495,30.425071403847625,71.83658620230614,1010.7196781617475,0.4429484012827941,48.36301971806323,flat,LOW
2023-04-04,5.591617553717686,30.420050355450776,68.79059542452555,1014.5555347781699,0.9856263337918829,34.49963867231527,moderate,LOW
2023-04-05,7.61270319626603,29.37891933829319,58.70082296727186,1013.1980696420144,1.0469001045316226,58.72506713648011,flat,LOW
2023-04-06,2.6524560254353338,30.2018106171957,66.50367648057372,1010.9698641885424,1.2519757530973517,57.89404721832022,moderate,LOW
2023-04-07,1.5255910397123769,30.700932812019857,70.21272812102026,1015.4993305340876,0.8817266513110049,50.40893831008721,flat,LOW
2023-04-08,4.798272265984642,30.252061930316756,65.21904020575437,1010.4403180847199,1.1924282388149756,57.82270822609762,moderate,LOW
2023-04-09,4.494912826968847,30.190093485267063,69.0139863844889,1010.813057259076,0.8666715185292426,46.09693842301624,steep,LOW
2023-04-10,3.513833739838782,31.61313963182686,72.47106664256705,1013.0228908781829,0.8149043335478524,45.83656170770521,moderate,LOW
2023-04-11,1.2688663149773471,29.572207324598416,61.74842230538427,1014.022443629095,0.8168491597079689,32.68337736767006,flat,LOW
2023-04-12,7.582960782225804,30.98310788866415,68.1945660345073,1011.3099093440617,0.5428197048938719,48.54967845058637,moderate,LOW
2023-04-13,9.108383266807232,30.049367196395142,61.778970605695655,1012.3617868059782,0.8909335477047395,44.951674772295256,moderate,LOW
2023-04-14,4.486842197308684,29.64477034441091,69.5572641715172,1012.1960148397416,0.8283287302042183,47.585454489561165,steep,LOW
2023-04-15,2.3941098301297368,29.208996422396506,57.41672775514735,1009.276309693515,0.7431891340961133,45.575537420748354,moderate,LOW
2023-04-16,8.708214419336208,30.446210222197603,75.80719100901787,1010.7444384702166,0.7356715883425693,41.035988742300084,moderate,LOW
2023-04-17,2.764909859994196,31.589544547231146,66.32030387479927,1016.8101204281289,0.7503677671460691,57.6905736659067,steep,LOW
2023-04-18,4.077949508923869,32.65226214086608,72.25642787422395,1011.585470940097,1.0034187102028225,43.07886466674819,moderate,LOW
2023-04-19,7.1629072263642035,30.320958924196425,68.06992610932646,1013.6731662532109,0.9136850827545003,32.51566755501672,steep,LOW
2023-04-20,1.4246849724049806,30.039666480939832,68.41990501657227,1011.6129876708554,0.9291282390030682,35.818476581264406,moderate,LOW
2023-04-21,2.1656403785746554,30.297165943176715,62.96053525188228,1014.4485653549125,0.7482351977622947,32.08122228360283,flat,LOW
2023-04-22,3.629494482937597,29.97840287099024,67.8600877173489,1013.4511196790204,0.9913548197061388,37.766689866017735,steep,LOW
2023-04-23,1.2526741284564167,31.04355055120071,65.84330280880245,1007.9966003116807,0.2927918962742523,39.35664405969638,moderate,LOW
2023-04-24,2.563985561083043,29.784042524166846,73.24669805271704,1011.6479653886373,0.5228802935473599,48.736726603805685,moderate,LOW
2023-04-25,4.977591119628629,29.900729985396133,75.9413805357463,1011.7555851094106,1.289738409425449,44.168618523347604,flat,LOW
2023-04-26,3.8824588013954813,29.401925507956474,69.98516650007745,1014.1111641773002,0.6026949569573676,52.49420483553413,steep,LOW
2023-04-27,9.960963216575378,31.078125734782862,58.59600786012971,1012.3641869027431,0.632663134167774,47.32872551037805,moderate,LOW
2023-04-28,3.1862551112336885,29.835070602480496,70.06896158595107,1012.5354613401515,0.7667221486577137,45.52005502973755,steep,LOW
2023-04-29,8.447413669445607,30.201422175312217,70.94773443017802,1010.6982709816289,0.8047420194377789,52.849138304601965,flat,LOW
2023-04-30,4.345386980007351,30.328640215936833,74.0015312912966,1013.5787183139142,0.6762562258073516,48.00269684553227,steep,LOW
2023-05-01,4.952370296693054,28.538983175236176,70.25884300470491,1013.9550586745336,0.4836783594154131,40.75814125135139,moderate,LOW
2023-05-02,2.3877601353564124,29.89737679916873,70.04018088440634,1016.2337487969972,0.7685731810787011,38.341756155467856,moderate,LOW
2023-05-03,3.5599031264177676,29.67484311637696,64.28903953001281,1014.8487155143748,0.7620515154425804,43.55441522492967,moderate,LOW
2023-05-04,4.384537575050876,29.059778143241232,62.79206183689364,1015.2093584308051,0.6626838455745805,35.73978598807951,moderate,LOW
2023-05-05,5.256121393394567,30.022621427091888,71.67791546214187,1013.7487729034125,0.9368371918412672,35.958534522373945,steep,LOW
2023-05-06,2.8246365831991445,30.514423724728385,75.39637255337115,1016.5887401092007,1.0710715166244633,44.65555621606858,moderate,LOW
2023-05-07,6.5128269564489365,29.90099506351025,72.11876565938091,1012.8814347079482,0.6153706702533186,43.07561258261633,moderate,LOW
2023-05-08,3.675736774372125,30.31031927566783,66.12579268551195,1014.5124963272597,0.8498467024801805,36.90766890777547,flat,LOW
2023-05-09,2.3499413354897887,28.91556733265271,62.89477419660839,1013.1043466373151,0.6667864936457875,42.99466742683932,moderate,LOW
2023-05-10,4.794954857813234,30.056292447036125,71.08067334001119,1008.7840933164451,0.6808147598010832,30.457772777245665,moderate,LOW
2023-05-11,3.6526575260943828,30.654852405184386,69.01387524126184,1011.9992778452062,0.8760801410278501,41.85247516764396,steep,LOW
2023-05-12,7.5360498193967445,30.325097859533194,71.3870068434615,1011.0904163657384,1.0565142793453013,51.02037189051005,moderate,LOW
2023-05-13,1.8090276293148846,29.225736959048,70.7129723164598,1011.0887496651972,0.8365134765946907,36.57906544224849,moderate,LOW
2023-05-14,4.0087613762478975,28.528835899450616,75.36007283245067,1013.2996848279746,0.8629244001477092,46.42974960015462,moderate,LOW
2023-05-15,3.2207669713805425,29.239849703610496,73.66117286089624,1011.711265759574,0.7332485429703863,37.979377179675545,moderate,LOW
2023-05-16,10.013069498720224,29.42138065112399,62.426915184660366,1012.5414146928954,0.45199747755042136,40.11181451777624,flat,LOW
2023-05-17,9.285459140328232,29.083015874179072,75.1765007832272,1013.4875049608033,0.8014699754183295,49.4209800331323,moderate,LOW
2023-05-18,4.0111652028590274,28.40673097131227,60.281873987389595,1014.3064897665624,0.6909924555214569,41.42905248283569,moderate,LOW
2023-05-19,6.63844748270789,28.972857551536663,74.13146477824475,1016.1583710059633,0.9232158760713316,52.81141170181482,moderate,LOW
2023-05-20,8.26282960888244,29.948418138929682,70.59830286673251,1010.805324650906,0.999123233348133,36.74872664344649,steep,LOW
2023-05-21,9.198833298132827,30.631262617608677,66.64162808156354,1010.6955023174464,0.7778732002044066,47.09404407540394,steep,LOW
2023-05-22,8.281480279301267,29.69414794656278,63.05686425282697,1013.9006345560877,0.8249993417359281,40.99352867390357,moderate,LOW
2023-05-23,3.1368365093088233,30.800351185924985,67.5077699884606,1012.5122077796453,0.22268980823709694,39.21107401253998,moderate,LOW
2023-05-24,1.957473234650982,29.22167589960235,74.44222124659126,1013.1234092681008,0.7386690576251588,44.67204585121014,moderate,LOW
2023-05-25,11.72068154341668,27.722336343543887,65.28414584471943,1013.0290557638751,1.0483363293422532,50.06971261770483,flat,LOW
2023-05-26,7.6982572373175815,29.440373820060692,72.81328786243421,1013.5452905268643,0.6751031018640428,51.03945645859767,moderate,LOW
2023-05-27,3.6707247503423264,27.301601286557446,60.911579149202154,1010.6258591472513,0.6642457093629335,43.76835152418914,moderate,LOW
2023-05-28,1.4196310630835693,31.1970356509631,77.00870973873573,1012.1765011646307,0.6303986433695538,37.168516679144474,moderate,LOW
2023-05-29,3.3240564003887885,29.131648539459825,59.99897075478261,1011.4760510833795,0.7870176198315395,48.062075644545885,moderate,LOW
2023-05-30,0.9457222631907191,28.527436748674774,71.16428957303653,1012.9787226467636,0.37008895917837376,42.92847440741029,moderate,LOW
2023-05-31,5.85322532094801,30.36076037271572,73.0375538549328,1012.4866917672005,0.9753288328484562,59.41453819445951,moderate,LOW
2023-06-01,3.8296235109693453,28.256107148910598,71.3872943335416,1006.0276117386019,0.8625010300331866,56.85766658036773,steep,LOW
2023-06-02,110.01508204706793,29.307808812587563,82.43379527202369,1006.0218450637622,2.3037370614095067,68.5073844374677,flat,HIGH
2023-06-03,3.156832611762117,28.080263737444017,84.62477839690816,1006.9111276645913,1.0699934297567253,60.350402930070445,steep,LOW
2023-06-04,5.614231017201154,28.541676891931655,80.79770185308084,1008.1323755171496,0.6468253099754966,49.98275562668321,moderate,LOW
2023-06-05,14.165498525221302,28.99040959863197,80.85268518069243,1008.2363814293305,1.3004525079089415,68.0636906041695,moderate,MEDIUM
2023-06-06,41.367171797114,28.989390048773892,75.93925310771516,1003.3846062804502,1.2776164494026228,52.28939312242784,moderate,MEDIUM
2023-06-07,37.59481149930096,28.320269891787987,74.85757634931605,1008.5489894077307,1.254287607028661,74.81675801841223,flat,MEDIUM
2023-06-08,27.363020218845914,28.508172482780267,77.75220581224208,1006.7690022414022,0.9014310245712418,65.73902377489915,moderate,MEDIUM
2023-06-09,20.783952041596947,28.531001771569414,79.8652615921709,1005.7527986214835,1.017598109652593,55.91934666240749,moderate,MEDIUM
2023-06-10,17.57421350827423,27.05927787976916,67.92948702567355,1008.5916773104395,0.9787303146534553,61.38925612806646,moderate,MEDIUM
2023-06-11,12.948379173596434,28.896112323989865,75.80473044947531,1006.2108542962612,0.3619262153039421,60.74573982248759,steep,MEDIUM
2023-06-12,2.3975697736042285,27.952417705046955,78.2674081341095,1002.831195690023,0.8895311561933293,62.63662095557641,moderate,LOW
2023-06-13,31.71402760086832,27.74483486728501,82.02285150792419,1005.649772095713,1.2766989191969276,65.71532707431389,steep,MEDIUM
2023-06-14,11.10928167296856,29.605099053036675,74.19745575964318,1005.8784916718245,0.8610772763822256,47.726201833566336,flat,LOW
2023-06-15,26.802153144628182,28.51746004997455,81.71014451489745,1003.2440224680682,0.8333407937149943,67.15612820026487,moderate,MEDIUM
2023-06-16,18.218707879353012,29.10637449234816,91.55372763609162,1006.572390883819,0.7738099272856713,62.72738096963288,flat,LOW
2023-06-17,8.251111250635592,28.804923573368477,74.33857309298962,1008.8318606045592,0.7964803808692003,56.46749656337052,steep,LOW
2023-06-18,163.69742812552724,28.879614604265196,76.11893948108268,1005.9857894391436,3.0528764285466305,79.77687547249462,moderate,HIGH
2023-06-19,25.918013579940276,28.165996793853502,79.88473892847686,1004.7460241795983,1.420927970411463,69.60714675819415,moderate,MEDIUM
2023-06-20,18.12272233427545,28.72430794877248,80.78037636911576,1007.3545227338977,1.0446486892259765,70.03368809591299,moderate,MEDIUM
2023-06-21,11.485480623681516,29.39449270652464,72.56716070204705,1007.6728018773797,0.6433263400311133,54.019437927794485,moderate,MEDIUM
2023-06-22,8.125516274939482,29.848029477580642,81.0132622315325,1006.6350003146995,0.9657693716240658,48.350091438606256,flat,MEDIUM
2023-06-23,93.38916166549207,28.876494722526452,79.27953425052111,1008.3034962828061,2.0986387526109884,74.60077292736409,steep,HIGH
2023-06-24,55.46936836001297,29.377571950972452,73.73920597017204,1011.458547221112,1.780913096136524,72.11837830176232,moderate,HIGH
2023-06-25,10.971074833138609,29.366598835694845,78.90657108930709,1005.1771127537254,1.070672888093324,65.09371644973434,moderate,MEDIUM
2023-06-26,23.106941135821696,27.513426105085216,69.8226837577107,1007.4738972230919,1.025741921230677,57.38612723866529,steep,MEDIUM
2023-06-27,3.738087960396068,28.458723596439093,71.04657285012372,1009.8774109647185,0.7200644043922718,59.59099596944416,steep,MEDIUM
2023-06-28,37.58709103776733,27.872033200989122,80.54949124238267,1006.7895517314982,1.1649953293156419,72.90833241062839,moderate,MEDIUM
2023-06-29,57.47585820628071,28.380504450778467,82.81480286624723,1005.5507778969645,1.3486980674473577,68.83932041604703,steep,HIGH
2023-06-30,13.64365711946834,26.9150914467507,69.1618894353031,1007.2189707188942,1.1859158372190315,58.95263805944659,moderate,MEDIUM
2023-07-01,11.22805651195569,26.85322506281947,76.04661198700403,1010.4117053610892,0.9809154330159724,62.627399991408325,steep,MEDIUM
2023-07-02,17.132707691540165,28.683511469971446,71.1349849155723,1007.6567359456631,1.0016758561946844,55.255854536386266,flat,LOW
2023-07-03,125.24563165220074,28.201437402774907,72.24957252923818,1008.4239540459821,2.2833147078008063,71.82278033876307,flat,HIGH
2023-07-04,33.55201209383534,28.30432664024581,67.46403826335155,1006.9137328207182,1.7026587258587207,62.959227358894005,flat,MEDIUM
2023-07-05,20.121009364649954,26.521669604362437,79.05145645543074,1005.570246876205,1.329821456024728,57.811930675500925,steep,MEDIUM
2023-07-06,3.641649939079216,27.679042443874874,75.87768645109051,1009.1577580780595,1.0542547082153615,56.3535285273691,moderate,MEDIUM
2023-07-07,21.13593426658448,28.577202949848655,72.1758595176948,1011.0175107723703,0.7771820757133001,65.41495063039366,steep,MEDIUM
2023-07-08,5.435137747099019,28.42628826843851,79.18477694359623,1006.7900836879996,1.1224896474396577,56.15865888950155,moderate,MEDIUM
2023-07-09,6.237992826574345,26.463107409415972,74.37828740295899,1005.8365573015955,0.7022024938700588,48.30430380377529,moderate,MEDIUM
2023-07-10,6.744636517023396,27.56259340030522,76.03980102064634,1007.2798486240782,0.5970257708914571,49.983870902381426,flat,LOW
2023-07-11,7.419378308007936,28.22559711056223,70.06450849600878,1007.0502574224321,0.7563067258035351,60.50346754495881,moderate,LOW
2023-07-12,131.39000011379824,25.83316361456936,79.7286328990079,1009.3792440105752,2.63259353265542,80.55991748925483,flat,HIGH
2023-07-13,11.94123993283063,28.321532283434355,73.0750253613778,1006.0889443099932,0.532508035674911,48.92139806833746,moderate,LOW
2023-07-14,6.737904439309892,27.786933703092135,79.19300395464222,1010.1555364098638,0.5341701243284268,57.62614160247606,flat,LOW
2023-07-15,32.33664479104512,28.57982440218646,80.54039552599532,1007.3905260629596,1.1306284985070125,59.16389023870255,moderate,MEDIUM
2023-07-16,10.635891574932291,26.914093980147143,80.66064686940719,1012.8284892968309,0.41529171379246554,60.863471405569705,flat,LOW
2023-07-17,20.546588977941596,28.360341177205406,78.96210558884091,1009.2641045768283,0.4221243612219546,71.2151544321034,flat,MEDIUM
2023-07-18,28.777888389965458,27.500243149877544,77.91481055331269,1007.56613717602,1.4027971160819732,48.960141051374876,moderate,MEDIUM
2023-07-19,13.290474945870255,27.749670732299816,65.92946074484482,1008.2967880224775,0.5263306653198059,59.367776630202854,moderate,LOW
2023-07-20,30.49119537160907,26.90588235316422,84.36441384377332,1008.0725939383618,1.0609604351933457,59.91855436598976,flat,MEDIUM
2023-07-21,17.903063337827444,27.378198613099045,89.93475899786961,1004.7997288925513,0.9428804273072534,72.27347340713555,steep,MEDIUM
2023-07-22,6.972858368450134,27.465217606039715,74.50659782007585,1006.8213591945986,0.4050797817075735,58.99179291834409,moderate,LOW
2023-07-23,10.873154098372156,27.495849822788752,74.36992451149511,1006.4387991063239,0.48792996078012263,51.4531022203105,moderate,LOW
2023-07-24,31.626492960525237,26.73838951426201,79.23973780425938,1006.7172089957124,1.3926615444310644,58.00029457654888,moderate,MEDIUM
2023-07-25,11.57912435572511,27.276841549375057,71.75470014660974,1007.8204240313592,0.7572448241213572,75.3591145035438,flat,LOW
2023-07-26,15.546231771250378,27.212552469278066,66.37314312562856,1007.4736522335761,1.4089203421372976,56.15786667710741,moderate,LOW
2023-07-27,27.818906190022453,25.24441012908958,81.20495359697486,1006.7736631805423,0.8641126300032964,62.05901290044722,steep,MEDIUM
2023-07-28,8.237487024669747,27.86871090328792,71.01156918440799,1005.6745971832895,1.3042988538866904,66.12710638519742,flat,LOW
2023-07-29,5.37344556475001,27.027023860153072,77.54564535187019,1006.9383349718316,0.7270079060449717,47.712165685232414,moderate,LOW
2023-07-30,25.889185633371582,26.307645940100823,78.55675214699056,1006.2227336378663,1.457686200744241,64.42945992433752,moderate,MEDIUM
2023-07-31,173.75388547880982,26.536802108576776,82.46427908161478,1005.4509798769732,3.1515716440343065,78.46848656698471,moderate,HIGH
2023-08-01,29.17088850550652,28.711383373538695,72.8464148403383,1007.1408382546546,0.8435132484217396,55.93239178158811,moderate,MEDIUM
2023-08-02,4.705042312664198,25.891288005055998,82.21063479568816,1005.164492925165,1.472967877214061,54.54606519014886,moderate,MEDIUM
2023-08-03,3.516875273485433,27.069926590632637,71.26598725610216,1007.4213337554493,0.4723953675979677,67.76401813533634,flat,MEDIUM
2023-08-04,14.267806841047738,27.350679940490465,84.06441845861578,1009.2183396229842,0.5160138520553521,61.25103717384749,flat,MEDIUM
2023-08-05,2.1198834575099914,26.528291954820222,68.739190722994,1006.3486037798525,0.6499718942988938,56.28147568679222,steep,MEDIUM
2023-08-06,8.93621910338141,26.49415960032515,75.95175535815999,1007.184708076509,0.35381430507692574,61.679678756092414,moderate,MEDIUM
2023-08-07,13.637385173267063,25.127805349069387,79.3690192266176,1006.985766289743,0.9471050133969889,55.81071824978294,steep,LOW
2023-08-08,26.1980631046212,24.990275550813646,81.84618104018564,1009.4434573324352,1.2541105495653129,54.772212474120636,moderate,LOW
2023-08-09,24.9763055514589,26.46521021244537,81.73636025571727,1007.1148201428763,0.7953126827590646,63.64875982790576,moderate,LOW
2023-08-10,14.182154964438363,27.79934495646201,73.49653908143662,1005.8253584744724,0.9154787028484568,65.280001438572,steep,LOW
2023-08-11,3.449811931684151,25.692834977114327,76.07724944991041,1008.3227563797834,0.5913614987795506,59.13644594895617,moderate,LOW
2023-08-12,21.964519150162662,26.42373461141965,83.21871698860247,1007.7867537405082,0.680227272814657,64.88400430072407,moderate,LOW
2023-08-13,35.35701807436065,26.65604577347918,76.9548387198629,1008.3570479028001,1.1376607287498943,63.95254180563335,flat,MEDIUM
2023-08-14,7.974640145147457,25.650720302249624,68.85802344279249,1008.459657578031,1.2718482376979043,68.17349862606426,flat,LOW
2023-08-15,22.7816515343906,26.55593924536869,67.96053474597664,1007.5334723359533,0.7758348406571796,61.81469285553919,steep,MEDIUM
2023-08-16,20.045023173868884,25.53817799263586,67.2198847872501,1006.4671729318496,0.8552768640376319,49.14961758964395,moderate,LOW
2023-08-17,8.87787290543182,27.278154421056577,81.01468471877611,1006.739947877003,0.9879443481976904,50.2052972411076,flat,LOW
2023-08-18,14.871737502167777,25.770626617294166,80.54910353888059,1008.1037175430625,0.2,67.56290054989599,moderate,LOW
2023-08-19,7.559545896973586,25.196362790157455,72.53131469141664,1009.0538114926412,0.3330170558174442,66.03686959128015,moderate,LOW
2023-08-20,4.002226486745454,27.037113140116404,81.6621390488142,1003.5616777322479,0.6591353676713483,51.55803433660188,moderate,LOW
2023-08-21,3.2754967205450627,25.389897526756737,74.61362907995361,1005.3967623184631,0.4304778503042994,58.15511252619439,moderate,LOW
2023-08-22,0.8440016138453041,25.693526414538493,73.45448555698322,1005.2575678559484,1.212900799605218,57.521481212263794,moderate,LOW
2023-08-23,1.7619593175265313,25.451947188496423,82.54031421758992,1004.5946068281979,0.654837855796604,53.161932417800074,steep,LOW
2023-08-24,7.377315983738575,25.660887493765205,80.42546934248557,1007.4767767496749,0.7885062534427868,55.09338906332707,moderate,LOW
2023-08-25,144.51909086172662,25.15345915167696,81.84928446527677,1003.2136576775238,2.9221046524830547,89.70344342252011,moderate,HIGH
2023-08-26,15.14844106848364,26.0019660344963,74.07011696034323,1006.4202487690502,0.9768219061838644,53.90174668055806,moderate,MEDIUM
2023-08-27,3.232028801295335,26.367349118196614,82.82585246364333,1007.1757352741614,0.8464831663608691,59.61166629965724,moderate,LOW
2023-08-28,121.61096437694329,26.508171804039087,79.25927207647503,1004.1904169047793,2.8048340292950833,74.58228262908567,moderate,HIGH
2023-08-29,30.859228991840443,27.56219834602944,81.29398684183096,1006.9796077687499,1.5604431362830513,62.74396883558355,moderate,HIGH
2023-08-30,7.231781695413448,26.132235338462152,74.05006823066199,1007.2598597083321,0.7910270289906671,48.75044702317261,moderate,MEDIUM
2023-08-31,20.36779108500548,25.718620872087133,84.54123303439955,1006.0130635816922,1.1703879198380562,57.276771774086285,moderate,MEDIUM
2023-09-01,22.970074330247193,25.287287797154303,79.4729642127919,1008.8452794455757,1.2095604879012916,73.86062528668495,moderate,MEDIUM
2023-09-02,3.1520477555892574,26.462311498673724,78.51128329823707,1004.7540859017857,0.9389975396661041,48.89987371978461,flat,LOW
2023-09-03,75.26123734663842,26.51276039874131,75.5357011555222,1003.3795733578264,1.6782387194420207,60.638918914304526,steep,HIGH
2023-09-04,42.27882662746582,25.7819356682262,77.13564458778282,1008.9291013644787,1.3260981197381834,67.056681560293,moderate,MEDIUM
2023-09-05,9.81087137207632,25.803367714032575,78.28248345996616,1004.4277399265824,0.8385443543224866,58.847898646744966,moderate,MEDIUM
2023-09-06,89.78069894127691,26.12342825419251,83.11203612680237,1008.5541459179818,2.02288903736567,67.1912706479215,moderate,HIGH
2023-09-07,18.98376758660075,26.086815073166253,82.09381975173721,1007.1891850659154,1.180928692831933,65.94332453055658,steep,MEDIUM
2023-09-08,16.19973705653397,26.584059845071057,76.60161584433554,1005.9758771613617,1.2932165209262512,52.09895053379343,flat,MEDIUM
2023-09-09,129.42659867180043,26.111270248261658,80.44691969469204,1006.4815814813699,2.657073555886185,77.1667290611455,steep,HIGH
2023-09-10,23.537686876836425,25.291560250197218,78.33835629031354,1006.9439644302086,1.101360698105846,75.97633018150827,moderate,MEDIUM
2023-09-11,18.358467924943643,27.796201579878808,76.10980354134261,1007.64817844464,0.7756755826509092,57.293097042738495,moderate,MEDIUM
2023-09-12,24.73985473232525,25.837632275499086,76.33915735080497,1012.4079702145588,1.1696572333453865,55.674607387998954,flat,MEDIUM
2023-09-13,126.82974256859502,25.851094867862404,81.65746203970467,1005.306511814232,2.333553066993171,77.59454253556042,flat,HIGH
2023-09-14,17.166303683769147,25.295732060951444,75.39230677606808,1005.112092950556,1.282784142419545,64.00889633975682,steep,HIGH
2023-09-15,31.99463153195434,25.289663528457186,74.91912457912738,1005.2983607552346,0.9105236610783869,59.70162328140559,flat,MEDIUM
2023-09-16,17.198919990860674,26.276719638657664,81.01503426713339,1006.2531821263523,1.4882696505213269,61.220855814003784,flat,MEDIUM
2023-09-17,5.011628280319535,25.763895788173397,75.65787151050272,1011.021852224801,0.9124201427240207,62.83443277217227,flat,MEDIUM
2023-09-18,5.030115096957526,24.367727534917222,77.09846488575234,1007.028144165747,0.7216644350115806,52.06078437811689,moderate,MEDIUM
2023-09-19,11.364630807371697,26.70953484234062,76.52826138236375,1006.0876876077693,0.979883380494152,62.98060903598173,moderate,MEDIUM
2023-09-20,23.82499926214622,27.260218311019898,73.6679193067028,1007.027796418665,1.0601944130868584,59.887234909594376,moderate,LOW
2023-09-21,2.726367500260093,25.899708854677673,74.02978229150574,1004.8006833083114,0.7994701025981258,58.46540581268449,flat,LOW
2023-09-22,54.23354590331206,24.962860238394992,71.56546279731813,1010.1656588935467,1.2826332435663548,57.82742338521632,steep,MEDIUM
2023-09-23,12.241146141687803,26.80304963333448,73.97003195584101,1004.2126550312677,1.119265597350265,62.28225030481943,flat,LOW
2023-09-24,149.9141640263055,24.985569351715963,77.57740059244263,1008.3502893197898,2.353395625364102,86.72362777951813,moderate,HIGH
2023-09-25,17.159333465131166,26.251507820293295,66.1135475413501,1005.430441505688,0.9919412843152875,58.209040816931164,moderate,MEDIUM
2023-09-26,23.808410377026814,24.33028080724444,75.72259375572591,1007.8327362962779,0.7845143425177827,64.99018466740506,flat,MEDIUM
2023-09-27,14.631639562661976,27.313533572941004,75.26731103485811,1003.031713553742,1.2282864405174976,59.288235075205,steep,MEDIUM
2023-09-28,16.454688169997617,26.360455275249727,89.38715224278049,1008.9420126719184,0.5517354930885805,62.59483383245197,flat,MEDIUM
2023-09-29,31.127189721185076,26.543192102128778,90.86258718484865,1005.499996527503,1.0400577017176698,59.52624511895809,flat,MEDIUM
2023-09-30,5.681543004657704,26.095669798719502,75.53389077247044,1010.8707623670582,0.7885670982488311,66.8894348369876,flat,MEDIUM
2023-10-01,6.781014463175984,26.89504807810323,68.279696750662,1013.9922414161775,0.8932984503601507,43.99915396258517,moderate,LOW
2023-10-02,15.44488335591187,26.13608120992684,74.28889475434721,1015.2805065618886,0.9346023547685193,30.63301158268525,flat,LOW
2023-10-03,0.2160170299213143,25.937229072227304,72.99837009935995,1011.1957777236379,0.31511338712380604,46.85768324347637,flat,LOW
2023-10-04,2.370716490891143,28.017390787083567,72.17262773684529,1015.0989972117267,0.9465449702517059,55.71184248059902,moderate,LOW
2023-10-05,0.30066129970742245,26.45527362715926,63.15099802442463,1012.6472680990213,0.531567483745033,55.55930395785803,moderate,LOW
2023-10-06,6.014204505396669,25.779178806434505,68.98778141263752,1010.6296308389353,0.2436025728933081,46.95269858822467,moderate,LOW
2023-10-07,8.681696952561557,27.068719392832463,63.00988203353061,1012.2954699301005,0.9503090282587682,64.02558728707947,flat,LOW
2023-10-08,8.207259782916951,25.11055143435645,71.9445394169162,1010.7986774715313,0.7634998089986785,45.42764332442408,flat,LOW
2023-10-09,2.694197260773748,26.225704228937797,64.50489073448037,1013.0852620488755,0.7187367837010753,43.488201618391685,moderate,LOW
2023-10-10,0.7083765480593025,26.375061557227134,64.92957612327815,1009.7823865814601,0.8777644840350735,52.967918895299675,moderate,LOW
2023-10-11,0.3575857765368629,24.506247298009647,69.54399638424083,1011.2250723505157,0.41540396520631157,41.960267746922696,moderate,LOW
2023-10-12,2.0416258212527225,25.48427026263539,72.90095435835912,1013.5623463312869,0.5562350856697138,39.24466468636191,flat,LOW
2023-10-13,4.619222085740632,23.950977226236745,65.321425636153,1011.1979319414901,1.1632077293287746,33.77343302960792,moderate,LOW
2023-10-14,8.158515256923023,25.260992647640162,64.83957088595544,1014.2324707931066,0.24060277961751775,33.19542149699956,moderate,LOW
2023-10-15,10.645645632924715,25.94660880531481,73.66894636282007,1017.2137694665563,0.7154725662067926,46.47898977880473,flat,LOW
2023-10-16,0.7192230531772037,25.06071971127031,68.51236183551579,1012.5147619051994,0.47128544562235075,38.22616996436866,moderate,LOW
2023-10-17,7.582164368862799,25.94160500246751,70.85587033145524,1011.0567624539741,0.9986555926361727,51.872726334747654,moderate,LOW
2023-10-18,2.6417657459298587,26.5114560787568,72.0955208445607,1011.9298256932466,0.6388358169564357,49.18418072941576,steep,LOW
2023-10-19,2.558871728256274,26.70442661200847,64.9770069191023,1009.3152310759386,0.2592337090442914,36.567939292295506,steep,LOW
2023-10-20,3.2181971817990545,25.357483979803323,64.12957057508976,1012.118984278304,1.0788990406077663,50.11636270328347,moderate,LOW
2023-10-21,2.440469486898705,26.19451384848939,70.92084536676145,1011.1847649877988,0.7457272312070384,31.144733442393616,moderate,LOW
2023-10-22,6.492095456769704,27.39877969350165,63.59380776281975,1013.4348808306065,0.7884252451850566,45.2717306464116,moderate,LOW
2023-10-23,4.000596759324258,27.06159728514556,67.98874877747922,1014.6306321443433,0.5845672148231682,50.961777682982266,moderate,LOW
2023-10-24,8.0592786378414,25.87619605664629,57.03728254596295,1011.9038541335103,1.128857963139947,50.08042930485292,moderate,LOW
2023-10-25,7.646866322286985,26.963098575953172,72.59711838323493,1016.043400905474,0.9044020158108683,52.483845758800726,moderate,LOW
2023-10-26,2.130480844504153,26.17753335289235,72.0244028293119,1013.2474800288228,0.5853282999375711,45.396452374752435,steep,LOW
2023-10-27,5.617736477896492,25.848616521504137,76.91146896352356,1012.5724062763001,0.3341463742349021,59.09400266964228,flat,LOW
2023-10-28,3.458750804756745,26.903522581622383,65.29008299886904,1015.296512849032,0.8874300835024151,47.23158609912496,steep,LOW
2023-10-29,3.1620266089997666,25.359085499708225,63.67328583949083,1009.7561497463396,0.901040429858115,49.89297228782,steep,LOW
2023-10-30,5.044843271390025,26.703024412191084,67.7722093662273,1012.0257728783696,0.6976998210070003,59.901204382139326,flat,LOW
2023-10-31,5.397551920389868,26.005009348936508,65.83186257422906,1008.8299434066403,0.8782226764142887,43.14936635271311,moderate,LOW
2023-11-01,6.84122658012293,27.30281876563049,69.79478220325736,1013.0921162771542,1.134657553925793,57.802869084399134,steep,LOW
2023-11-02,1.4909491127851249,26.48201531407258,58.95191515541386,1013.9387213192415,1.2906121931866241,49.703195527523306,moderate,LOW
2023-11-03,4.248817916662395,26.45565661966893,63.920866760077836,1011.0724496255312,1.0803084080422773,55.24371908756498,flat,LOW
2023-11-04,7.4476281633473995,26.443271481587566,70.30109319717532,1014.9887009362486,0.8323939729160081,55.98827819161566,moderate,LOW
2023-11-05,5.899743051734853,27.919678791298555,70.34912461602484,1014.4259948506902,0.3864496929731374,40.12604729620652,steep,LOW
2023-11-06,4.605666775817071,27.04524601337086,65.28108597823638,1015.8226339717535,0.7471260819863311,47.12379681851627,flat,LOW
2023-11-07,1.565344637757785,26.079806869697226,72.13586399810612,1010.338245494773,0.3064715195940926,51.000848184970216,moderate,LOW
2023-11-08,2.602731092288333,25.716736103653503,67.96216351684424,1014.8607557152458,0.5462334248256653,56.99204250547073,moderate,LOW
2023-11-09,1.962979309247078,26.452517249535425,65.23987635494211,1012.6897337376388,1.0677130840242208,55.557866633766835,moderate,LOW
2023-11-10,3.5396866082873606,25.51829529244206,67.72157473675003,1013.0106457209034,1.0381476688584943,53.982928189421514,flat,LOW
2023-11-11,3.05628917680289,25.863576462205554,70.94320075868701,1012.8241870252616,0.503494693217388,38.76058638636291,moderate,LOW
2023-11-12,3.213174235466712,25.94575239849565,69.45602600565746,1017.7853534460365,0.48385092736618085,32.19727463602157,steep,LOW
2023-11-13,1.6898413523315778,25.913347981117965,69.34081390477658,1011.0989275856285,0.680362598314147,48.40218348874548,moderate,LOW
2023-11-14,1.9292545897469484,25.264930768367968,65.88719508600627,1013.2375930798058,0.6290515834490971,43.38975273793997,flat,LOW
2023-11-15,2.0180794502454034,27.583137930821515,65.67809803902276,1013.9703964629554,0.6703669028950193,47.86112333280634,moderate,LOW
2023-11-16,5.432384202089565,26.824388185643944,74.16431871654504,1012.5568076600038,1.0303944645608016,40.98404884224981,flat,LOW
2023-11-17,4.110899433965878,26.296667101793062,74.43421131322751,1009.1804741885074,0.4417892925310136,38.39240919896384,steep,LOW
2023-11-18,2.667121644416751,27.279702701840876,70.476364730343,1013.2912606286877,0.8383142689124581,39.36619175946889,flat,LOW
2023-11-19,1.2251787154105775,27.493317841562053,69.05432301044044,1012.647573882076,0.8184551578085769,25.153148216606876,flat,LOW
2023-11-20,3.3340666444170703,27.138240976041303,67.62615539217636,1010.7195862866977,0.7146603319599115,45.97299838522833,moderate,LOW
2023-11-21,4.179074699865731,25.733221295614293,68.87850228082425,1015.5798593972365,0.3290332462636871,46.88438797044024,moderate,LOW
2023-11-22,2.6549119984320653,26.495856580869734,77.20627807213452,1010.4711392776455,0.44742117935677406,36.28469480862028,steep,LOW
2023-11-23,2.4374393253600197,26.339124532861728,63.277885607984544,1012.5296987067711,1.3511224913145403,55.11011234562379,flat,LOW
2023-11-24,5.997517278402441,25.270507177609346,73.09755458832315,1015.3201856932872,1.0514758219380114,42.61057084722336,flat,LOW
2023-11-25,6.437376157750114,26.407329421364,59.90464089940917,1013.227750388284,1.06631305217528,37.582488400423415,steep,LOW
2023-11-26,4.764845191866664,27.450836535934748,64.52767379037323,1009.7660811996701,0.63809279645728,51.93861800146905,flat,LOW
2023-11-27,1.9411990427560104,28.18676035467199,72.12856820712655,1014.5397919625495,0.9710493323362086,49.32813838721721,moderate,LOW
2023-11-28,3.19285933116963,28.92418122614774,70.77956015649721,1012.0723991172971,0.8642670835091144,38.402846474681226,flat,LOW
2023-11-29,2.007269811839574,27.701267767590295,69.92384272102497,1013.1889399836393,0.7328095683915974,44.90600279356619,moderate,LOW
2023-11-30,2.467207725293679,26.794094617377244,64.07101865308613,1011.9674048062769,1.012100786053711,50.0993275909454,moderate,LOW
2023-12-01,2.9409411058747925,26.39884488968753,66.70192984327113,1014.9396089747835,0.962683536317888,38.567772244225594,steep,LOW
2023-12-02,4.005723779526988,25.41433342017007,69.39166469785252,1010.2479133368537,0.6015031083115183,43.049859640479355,moderate,LOW
2023-12-03,2.2763387836408437,26.551984950709265,60.687713075729235,1014.5597392250455,0.9223631235418327,51.24367098770481,flat,LOW
2023-12-04,4.648188423649808,26.18893379341943,68.04586624091064,1012.7674667093793,1.230260490996813,59.16870052263548,moderate,LOW
2023-12-05,17.586402925720932,27.832432331850992,72.85248990431866,1011.0086195463164,1.0871129923455887,46.88522422899569,steep,LOW
2023-12-06,4.410341589754579,27.142493708769752,67.16062965286844,1015.1921284661144,0.9112541150609695,50.784244998709404,moderate,LOW
2023-12-07,1.325140379754676,26.620069315202386,71.93099634326457,1014.9519681005881,0.68109453331322,55.215204188733665,steep,LOW
2023-12-08,4.454065145021575,28.411841825812495,67.69491324485796,1013.252330392862,0.6819097207736814,39.43957748767286,moderate,LOW
2023-12-09,5.935919125256457,29.634230988837977,62.5696320869376,1010.4852350500372,0.9165734657822071,56.59558222155953,steep,LOW
2023-12-10,5.6864279712103185,26.67990329465857,62.63192135431217,1009.2099083001042,0.8145414780741265,30.153170844408518,flat,LOW
2023-12-11,2.268860339515154,27.574576422658602,69.5279009595124,1014.7875974918709,0.9221288382708968,53.32601857645694,steep,LOW
2023-12-12,4.664338507738857,27.40653210218962,66.01402845041463,1012.3351149313205,0.5655754780335914,48.65096858552964,flat,LOW
2023-12-13,2.003008579251026,26.360854323529935,72.894206706186,1013.1572353390636,0.5143451237954478,50.960285534101786,moderate,LOW
2023-12-14,0.8440804475879626,26.93566105600977,65.95550454895606,1013.0823600406984,0.9983085124113481,45.26687310320238,steep,LOW
2023-12-15,5.572138113177305,28.91203123064854,67.99440139001055,1008.5299290042027,0.872923314736578,59.4480052627982,moderate,LOW
2023-12-16,12.47310928650419,28.16794466752581,64.39002730131644,1013.4485787988339,0.5688585321126296,42.35977603879662,steep,LOW
2023-12-17,7.115480848485043,27.696375698251565,61.24789290972307,1012.3767211321006,0.6202030919915941,52.15505242413419,flat,LOW
2023-12-18,7.885123392692304,25.32014617355925,59.16519050934973,1015.8432539561644,0.7179631160604285,40.92769618104806,flat,LOW
2023-12-19,8.985813745301694,27.31404762743786,67.33949393593437,1013.4543255967749,1.2347990265094273,49.305144031455846,moderate,LOW
2023-12-20,8.46835848451194,28.189790752324093,66.52715622669194,1007.9678096084544,0.294982991771226,39.14343049204599,moderate,LOW
2023-12-21,4.022116588097679,29.183909868950103,61.654551925700936,1012.9451332916326,0.836440629524919,40.449405672446304,moderate,LOW
2023-12-22,1.9659296561827466,27.634541135404618,73.14026782699591,1012.8933942620176,0.7218029867776087,41.20668411587336,moderate,LOW
2023-12-23,4.716183426907314,26.622331352454495,64.0787074554241,1012.7499111682803,0.6182180348893312,61.80507600133997,steep,LOW
2023-12-24,10.61696730449457,27.94297241444935,61.393179641773656,1012.1058548162642,0.9118881772647301,57.69457191239325,moderate,LOW
2023-12-25,9.654217331360718,29.07509733718739,67.70478891347473,1017.7804454213036,0.7234642092418799,41.08289976032043,flat,LOW
2023-12-26,16.2206495790626,27.54358085607337,74.24511348436748,1014.3753843702356,1.4348416115298366,36.598267607680015,steep,LOW
2023-12-27,2.4370203783397506,28.69689642485865,66.6480172209832,1014.4792624099731,1.3264982892574992,42.8928472139577,moderate,LOW
2023-12-28,4.037802355612985,27.43306631186072,64.84519201433935,1015.1143785404827,0.8552268662937037,31.292572512308205,steep,LOW
2023-12-29,10.348651602425916,27.314515709600162,67.1479517138251,1013.0264733456033,1.0391631141064297,37.044453976352365,steep,LOW
2023-12-30,4.55672347033408,28.41961796256653,61.85246301320201,1013.7142573525426,1.0412467568993793,49.0912383505951,moderate,LOW
2023-12-31,3.3839586336413525,27.942401126048168,74.29852926440203,1012.7619429867998,0.5283083821675177,42.0618641736885,moderate,LOW
2024-01-01,2.6480733605617717,28.45614439214206,72.44491590202324,1015.84711894453,0.9886857815015168,38.857537555048545,moderate,LOW
2024-01-02,3.4420082992458574,27.165066164001285,65.79154102913503,1012.0509741327619,0.5836681895483864,43.305774841801835,moderate,LOW
2024-01-03,4.303574306099495,28.24996981670688,66.54967113031374,1013.0082657653097,0.8286766092023774,48.69231384611237,steep,LOW
2024-01-04,1.6566218949945857,28.3175658170564,60.14451128714691,1014.5413975641895,1.041755218625895,39.248258457807175,flat,LOW
2024-01-05,0.5309173697401814,29.027546219316186,65.66791746996283,1010.7823940501239,0.7653288516607101,41.422750585443865,steep,LOW
2024-01-06,6.391487003770184,27.502531564238893,68.77039996074434,1014.9388195814964,1.1054123804290152,41.303291008034165,flat,LOW
2024-01-07,1.76809387314078,27.35744087844279,74.64239405395865,1011.6870277863626,1.2298330217957618,49.40445918293851,moderate,LOW
2024-01-08,2.301898943084894,29.144128832741632,67.64642204137769,1013.0893165619269,0.9241167423072898,46.26787383053848,moderate,LOW
2024-01-09,1.7149569209439255,29.311865338659572,76.07991212081023,1014.5590588415429,0.7975470440732497,50.498940740018924,flat,LOW
2024-01-10,3.2220282605452693,27.37785082863308,69.66774505818103,1013.3710266131695,0.9202435450354322,49.306087055328916,flat,LOW
2024-01-11,5.623277375478937,28.744411877833056,64.3692779865682,1013.7394118512783,0.9514535819536863,41.15572160981642,flat,LOW
2024-01-12,2.0841420090088616,27.55128641562924,74.32887462583278,1015.1313703494401,0.8656205936919672,59.11799296495803,flat,LOW
2024-01-13,22.636007081074116,28.692382010013976,66.01111043029896,1013.7446511201206,1.2484438381876728,47.59798631078953,moderate,LOW
2024-01-14,4.439433125645127,27.797881929602116,70.09249537275193,1012.7319455583813,0.6145315645503552,40.23059411180822,flat,LOW
2024-01-15,2.925401467345732,28.003200081469554,67.74216080261893,1014.093334065233,0.8825801524415142,50.17511208253754,moderate,LOW
2024-01-16,4.797001088498714,28.102593560163825,63.411455127498705,1010.6232222908035,1.038007388541983,50.53983207012703,steep,LOW
2024-01-17,3.7869854612830207,27.225629828623305,72.31543759022678,1013.3542396600101,0.9135821819565366,48.228210912532745,steep,LOW
2024-01-18,0.744200573285665,29.122760519262165,71.45045707587698,1010.2641154452363,0.4658881667322313,40.04898028440697,moderate,LOW
2024-01-19,0.8956457777557483,28.04932501859716,68.43126918112503,1010.638811320493,0.6844838091733946,52.54421657965607,moderate,LOW
2024-01-20,3.076464924909828,28.407935666816005,65.13165154570791,1015.326991628613,0.6695964541307604,53.19293491517545,flat,LOW
2024-01-21,2.723523900701306,29.034447079864847,73.10441410501237,1011.9033089242699,0.7511543752059244,44.977918827872735,moderate,LOW
2024-01-22,1.3562317572706803,29.18645701209581,61.41537463183527,1015.416525650961,1.278866746558493,52.21627255043646,steep,LOW
2024-01-23,3.9312624926371336,27.373163132801917,69.2754102193388,1011.8160423845401,0.5303248678077191,45.15046258611484,steep,LOW
2024-01-24,0.9735699437588572,27.721067538843425,65.75561189859808,1016.0197413662406,0.44578145410103914,51.23436380171852,steep,LOW
2024-01-25,5.5798124123467465,29.51085133933511,72.54579801106938,1010.6968129331841,1.0621121128705258,39.86812005940828,moderate,LOW
2024-01-26,4.505438514255788,29.221671644459104,63.780950107376384,1010.3002651754085,0.9856687477042789,46.97665781977078,steep,LOW
2024-01-27,3.5328916684065987,29.759008296632185,66.14814695169447,1013.684006914842,0.5911285179062191,57.04004572189682,moderate,LOW
2024-01-28,2.7369923344001545,28.146064734316706,69.65259764293798,1016.223820954935,0.6184393448425747,48.17654858338211,flat,LOW
2024-01-29,3.5500610506149197,28.398416366326426,73.40725234814266,1012.3475126367523,0.7088815439858269,42.89215903406874,flat,LOW
2024-01-30,1.1963345914458134,27.398345692847972,64.16842325192147,1012.2005598874205,1.1538504856945786,50.55967654719145,moderate,LOW
2024-01-31,9.204137172798493,29.926355919461834,61.20561377038492,1015.1465156635783,0.736528646224231,39.18109088933088,moderate,LOW
2024-02-01,4.572098750564652,29.59467714100047,65.08503058167966,1014.2407447878627,0.8791369967676196,45.25935342962915,moderate,LOW
2024-02-02,4.144882459973816,30.833050699569547,72.6971021089909,1014.9519798996317,1.5343012856146783,49.23344170637098,moderate,LOW
2024-02-03,6.237887369362978,28.860236379833758,65.46915366653833,1014.2952279544392,0.7500246699851449,46.903247083724565,moderate,LOW
2024-02-04,6.950009604688744,28.71074778633788,73.67637365826594,1014.5477823618197,0.40268593949648557,43.850423868345345,moderate,LOW
2024-02-05,6.56628970518081,29.50488540253874,70.92623765679429,1013.1282736047563,0.630031423532572,44.156092718488345,moderate,LOW
2024-02-06,3.5626690429758154,28.990412043370135,68.28102826544576,1012.4372600161886,0.6917340867667408,48.95033995207848,flat,LOW
2024-02-07,0.616372811119377,29.94994063865471,76.4377651974332,1014.5642564781895,0.3421796521995788,43.46588524603051,moderate,LOW
2024-02-08,4.231060872580458,28.6348636894013,68.32471543775371,1013.8406456595523,0.9698836514146216,39.994631964597524,moderate,LOW
2024-02-09,0.06137143959819302,30.405830967041545,65.37792553514478,1010.9608309836651,0.7423236091521357,44.61758769162285,moderate,LOW
2024-02-10,4.35861776199274,29.81553620162937,61.59074376135667,1013.0600130770619,0.6945884342082645,47.77550585895123,moderate,LOW
2024-02-11,2.947105865897675,28.273829789364186,65.08056530453891,1012.9834402321409,0.5921446011886858,49.81854939394091,moderate,LOW
2024-02-12,1.4522784766591115,29.664463830485722,69.62442359412292,1016.7567582639863,0.5545568421490318,44.70349114036607,moderate,LOW
2024-02-13,3.5962063492890346,28.272110346816675,65.44582720473493,1010.8525951745644,0.32229142495839086,39.96967906069925,moderate,LOW
2024-02-14,5.7333853417473435,28.815704887848923,66.69885684718439,1009.2835146757749,0.6624157925805366,48.65288110617852,moderate,LOW
2024-02-15,1.9037879929313783,28.35309103180913,61.76186100428104,1014.4193237312758,1.1463371270347824,48.73959211622557,moderate,LOW
2024-02-16,0.6954787118355199,27.83586988703324,57.8877647197826,1013.2588190737918,0.6209165132847392,37.363475531710506,moderate,LOW
2024-02-17,4.026406897440521,29.72719927693093,74.14197184167192,1013.0159880590976,0.7315623547597738,53.05414633834636,moderate,LOW
2024-02-18,4.944766397691465,31.14504777319774,71.96253705836304,1009.7898880419922,1.125039092157248,43.3554389035386,moderate,LOW
2024-02-19,0.9972159169836443,29.147173346598798,68.50084818996737,1012.4318019892785,1.1962114391887175,59.02540448856667,moderate,LOW
2024-02-20,3.863799784941322,30.577517652346895,66.35540064833312,1012.1573254507086,1.0026052126903608,41.81147630052465,flat,LOW
2024-02-21,0.6604802452804538,31.269344423701202,71.60612686399897,1015.9235983350947,0.49838166963487407,46.75334201098947,moderate,LOW
2024-02-22,3.0193997964375825,29.82153693534755,60.936794886993894,1010.3699417889245,0.4000000140738702,48.89307809904277,steep,LOW
2024-02-23,9.531990250878176,30.899855144440117,72.68200208507324,1009.9094001089425,0.7671794495855482,54.09845541810239,moderate,LOW
2024-02-24,0.9597691042922113,28.075385452951725,66.88588912121395,1015.2759135388001,0.7189950904572131,41.651402515910206,flat,LOW
2024-02-25,7.480468285328249,30.50672236002242,73.40687396968573,1014.4658171148751,0.8785891865590417,46.74863324114594,flat,LOW
2024-02-26,1.0846604257877073,29.60296379245661,69.20726079801214,1015.8816251960085,0.7058205994179374,52.1870331000118,flat,LOW
2024-02-27,3.0096184677972464,29.654538059015962,74.61067947039238,1014.2716866765319,0.4475233383448698,46.58211533524651,moderate,LOW
2024-02-28,3.1448779325092873,30.306300671551877,62.816885504176994,1014.021415898427,0.3987143809789829,41.09236294506662,steep,LOW
2024-02-29,4.856334083776045,30.246449525202916,67.69953876122435,1013.0251570047037,0.937049642936675,40.63687592795248,flat,LOW
2024-03-01,2.8001592198558467,29.17203937540567,75.84103223531916,1013.7694466291705,0.4111053129474904,34.63754325203951,steep,LOW
2024-03-02,10.715400686370867,30.97256139404055,69.75965385409329,1013.9425009156918,0.5268008829694206,53.16997055520393,moderate,LOW
2024-03-03,6.94973933319936,30.08658799988333,69.76001476968815,1012.6919333668483,0.9053823882695295,44.17768137363234,flat,LOW
2024-03-04,10.991883552713599,29.353667166172464,70.84222152797307,1011.5146422905977,0.568707092375123,53.885448622699876,flat,LOW
2024-03-05,7.249623359686455,29.809950630770512,70.04875609811644,1014.1623976239885,0.6021585561880698,51.11152276520341,moderate,LOW
2024-03-06,1.0269917114554392,31.10045360061294,76.38297399122848,1014.4346969152174,0.417819003629739,48.58829707390954,flat,LOW
2024-03-07,6.331954508351058,30.301692037405758,67.63793830584729,1011.783265008192,0.3204954379998918,48.32728554324612,steep,LOW
2024-03-08,5.627140298137379,30.542150184428646,78.27272547310389,1013.1569002615558,0.7689907746704254,48.007087537320515,moderate,LOW
2024-03-09,1.3586223208361792,29.40086576603612,65.26497639577502,1012.9008193842361,1.0572101452159324,57.81072755294659,moderate,LOW
2024-03-10,2.6405723350803774,29.712398318346818,65.14432042820131,1009.4501139108426,1.0886314773373915,52.173804996861115,moderate,LOW
2024-03-11,0.8635350502846696,30.12379174216507,72.03050108400068,1009.704445717791,1.0799734814205944,50.63514751686551,moderate,LOW
2024-03-12,5.987177586215681,29.616759983874356,65.68277693187302,1009.2945442766195,1.005247287344077,54.23923193721032,flat,LOW
2024-03-13,4.825169245944618,30.35494350551416,64.86211379394486,1011.2331496878247,1.035396260195105,45.276681291020246,steep,LOW
2024-03-14,3.808671818698097,31.085269319650944,71.1540008207301,1014.4537457273929,1.054780246997451,41.001726715884146,moderate,LOW
2024-03-15,3.1716870740996943,29.903613404392466,74.68189728938412,1013.4746762075877,0.4110599741502484,34.58487717946041,moderate,LOW
2024-03-16,3.3999538885550473,29.90543445092308,60.61346122841334,1015.8461902990232,0.6527360739318182,55.08180377745221,moderate,LOW
2024-03-17,9.92111089848444,30.816726758368574,71.59546523044169,1014.2465821325039,0.9358002827729441,44.85821162196358,flat,LOW
2024-03-18,1.549189105710444,30.154929701545402,70.0122037667176,1012.141054708211,0.8019244129830536,44.05048026943581,moderate,LOW
2024-03-19,3.6956637546515476,28.763757741353324,68.68436660344692,1013.9757666840392,0.8871094668459173,49.524544512335595,steep,LOW
2024-03-20,0.8968695288290407,29.32110722653591,71.05420515568345,1011.6261247566683,0.7333712277493267,40.7017510134092,moderate,LOW
2024-03-21,4.096555794770882,29.325704701110034,69.33887098746256,1010.5745624019148,0.8683185974517729,63.999877732473934,moderate,LOW
2024-03-22,6.299933627830572,28.62116667166395,61.38856802049908,1015.5655857122055,0.5970599843862636,41.050225357026264,moderate,LOW
2024-03-23,1.299525338656057,30.13747223096704,63.54235272663982,1011.5179628404422,0.5241951235430893,48.85145029763969,flat,LOW
2024-03-24,3.152151112737804,30.0692571741331,66.60873115771413,1013.9409007111403,0.9143317275804748,44.44330817035044,flat,LOW
2024-03-25,1.7724765140363643,30.80259739674014,70.2247103127231,1013.9105968768331,0.796800734891926,45.58929440781013,steep,LOW
2024-03-26,7.289056191882529,30.110399458767006,74.93496364954419,1013.4569213634646,0.9674298910196875,48.067973664626535,moderate,LOW
2024-03-27,1.8597248199970782,32.47035045676405,66.12602462604958,1013.1419894308499,0.6163445562131405,41.86281941206602,moderate,LOW
2024-03-28,1.9832517076960856,28.9265636675572,64.21194137728877,1009.5832002140933,0.8876999504184235,64.89536830901558,moderate,LOW
2024-03-29,0.5813544922678174,29.61681005758318,74.4967346527677,1012.4359419044201,0.550766395113322,43.84150028362037,moderate,LOW
2024-03-30,3.020317342119343,30.040425421972664,61.64072407749558,1013.7940632045879,0.2986231116705626,42.34419742075929,moderate,LOW
2024-03-31,4.662850667151938,30.14794308924457,73.84873090492758,1014.8493983935396,0.8814780110691977,52.19224804126759,moderate,LOW
2024-04-01,2.4905759361312425,30.536106349714522,70.73044615415715,1015.1809439822771,0.5032783202806452,39.028568975479544,moderate,LOW
2024-04-02,3.4553909666724376,30.49908834851554,58.737885425055225,1011.1094868962532,1.0897512077151132,58.29246176965067,steep,LOW
2024-04-03,2.757067493428343,31.62251691635233,65.53565526087799,1012.0462319539334,1.1285374020171406,42.790036054986444,moderate,LOW
2024-04-04,5.882691919469947,29.3510707291393,72.19600677576132,1012.9001892178266,0.7084639436538055,40.641156420054074,moderate,LOW
2024-04-05,4.6559770414480415,28.092532236581732,63.84119412868595,1013.318192484378,0.7451238766311492,48.522030253904276,flat,LOW
2024-04-06,2.818920617508503,29.992830492633136,73.74371174911371,1011.5359841341885,0.7265821284766386,46.70623359061523,steep,LOW
2024-04-07,2.8305217935862492,31.17074859100033,67.68122867504675,1012.5785620418465,0.6601944088917396,43.63381632933986,moderate,LOW
2024-04-08,4.411497993845214,29.280272132481734,63.16254961312383,1017.2868936495539,0.7217160385855058,40.23832073002826,moderate,LOW
2024-04-09,4.587775557973553,30.064653038285922,66.40663454711598,1012.6608272550054,0.42313209079494657,45.07267446775675,flat,LOW
2024-04-10,12.607187445129714,28.301744296152183,67.5300728360769,1018.4790082662166,1.1056993704232057,41.21485551010934,flat,LOW
2024-04-11,1.84769408353705,29.883742923768704,68.45763219619431,1009.2556889951333,0.44042558861839676,45.349503054807045,moderate,LOW
2024-04-12,4.9966189796963,30.72644112046272,62.081204514699024,1016.2854686038753,0.3460097136008653,38.10161295427056,steep,LOW
2024-04-13,11.365857294895283,30.597509547537122,68.0876845083653,1010.9472030917697,0.7479532723635844,38.22151055436536,flat,LOW
2024-04-14,5.0224813895355,30.394303237962625,61.49088623889451,1013.5927660402335,0.6531665786022919,55.599680943984836,flat,LOW
2024-04-15,8.82510825719224,30.174377794848276,63.09456420941861,1012.1727895145111,0.7668505681717264,41.24275869376886,moderate,LOW
2024-04-16,0.8361259864840931,29.27455803603836,71.13746948335923,1009.8030029359734,0.37051117823393503,57.66170889660302,steep,LOW
2024-04-17,4.727103799124658,30.639200101197076,60.3884288469597,1012.537880640201,0.3663497396072718,62.83329058224096,moderate,LOW
2024-04-18,1.3211849996763396,28.900769811208676,74.76296954878272,1017.844895802167,0.6008804951669907,35.95521572204058,moderate,LOW
2024-04-19,2.9761362315571125,29.56535857493866,69.10687626988114,1013.790346285631,0.8254128579578318,43.233546330954155,moderate,LOW
2024-04-20,6.074589949490939,30.784760535326644,71.95037774736116,1010.1564758619057,0.4325632973779632,40.62240346123994,moderate,LOW
2024-04-21,6.46157981132972,30.940486156878197,69.98243408705459,1013.4172991637467,1.0968561422559884,49.2573283498448,moderate,LOW
2024-04-22,10.223493339965426,29.804120164349218,63.81088370611175,1014.4060509180908,1.1626150355600986,46.179412190960804,steep,LOW
2024-04-23,0.3517360260337221,30.001363659141255,64.36502813796326,1017.7677220759638,0.6887278822183156,42.19864500267403,moderate,LOW
2024-04-24,7.546302742290431,29.410789637054734,72.91619984722702,1011.7421092901344,0.6059757504342885,55.298624866944365,steep,LOW
2024-04-25,5.465230400260959,29.811753334114215,63.97925019212521,1011.0104537619427,0.5208743339268063,41.493403712542694,moderate,LOW
2024-04-26,0.6776279009454607,30.175059229829053,76.50396379214158,1011.6633232632906,0.7841895659199996,47.290632240065435,moderate,LOW
2024-04-27,6.413471494529772,30.23277531577483,66.72180147476102,1012.2849397828909,0.4542635977186817,40.32059627385563,moderate,LOW
2024-04-28,1.2078718727911448,30.91102840497449,63.45968783835425,1013.5668828714893,0.45959029320943956,43.046725584344536,moderate,LOW
2024-04-29,5.807566363042493,30.745355179707097,66.771396131689,1011.7007925808103,0.4737871798593466,47.64356652652382,moderate,LOW
2024-04-30,4.558002723660674,31.061583863136843,66.46236117641492,1012.3639451323859,0.8857942207262484,39.8175661455693,moderate,LOW
2024-05-01,4.874043974081944,30.44847561592646,76.6141494168453,1013.341910704375,0.744850566893383,56.292143959370335,steep,LOW
2024-05-02,2.7781802657289925,30.035813506200657,69.80906472302492,1010.2868002981218,0.35605155203554484,39.20499688584217,moderate,LOW
2024-05-03,2.0424132837518476,29.724404601116948,68.98197302505095,1010.5513931799155,0.6152256485260413,49.41716562477666,moderate,LOW
2024-05-04,1.8813321964835696,31.598114337506868,67.91201035372181,1011.6136261077152,0.6847793856067135,45.92743958216036,flat,LOW
2024-05-05,3.5725525036624877,29.04787485712384,67.25332381464251,1012.6694640599551,0.6120409688399371,44.296787773014316,moderate,LOW
2024-05-06,7.072505700509382,30.115666277419617,65.2919984928304,1014.1441914471969,0.9000201599107299,52.12159487733514,moderate,LOW
2024-05-07,5.7535953291351145,29.970207263541653,73.31754464225763,1011.6958508611945,0.6292019852628103,47.1330590850228,moderate,LOW
2024-05-08,1.6947281345135714,29.676403280938725,56.923599421982644,1012.5608120214824,0.6860914638055869,44.13215862041591,moderate,LOW
2024-05-09,1.08005644732622,27.638673042517706,65.59541666912929,1012.208712891748,0.5887065526263292,52.91574984348526,steep,LOW
2024-05-10,3.9074770794155054,30.52569662549298,67.90121070082074,1011.3634599221631,0.3295499868200947,42.49692010464255,steep,LOW
2024-05-11,15.780147286431793,29.06827053604295,62.07517395857893,1014.1039097926111,0.49554819620040974,51.219437802798986,steep,LOW
2024-05-12,5.152533767995566,30.10781954340787,68.8546918556415,1011.4437523162788,1.23989108711369,43.311124407925725,steep,LOW
2024-05-13,0.13698532509791364,30.805699419590574,68.14916893563318,1014.1175420694755,0.8416835752783594,40.52106281127962,flat,LOW
2024-05-14,1.7228930292667757,30.50658113356011,72.87328845350102,1011.5872489957684,0.5424493095637414,40.73925773718631,flat,LOW
2024-05-15,1.3959180328752496,30.176366658594553,67.5587727485345,1015.0201273937298,0.6448612281206806,43.712398497973886,steep,LOW
2024-05-16,7.688995960215816,29.83210139640784,67.64341966437033,1010.8944338737766,0.6630591534474071,55.833455067317516,moderate,LOW
2024-05-17,1.3813920837997,29.408327473875715,85.27023201122091,1013.5702476826846,0.6255646694904042,55.147404237079684,moderate,LOW
2024-05-18,3.9597128521643414,29.404742073361636,59.33349477675961,1012.2081640711788,1.1230252030222243,48.22644410207005,moderate,LOW
2024-05-19,1.9586886230126663,29.75869880851297,74.69098066469327,1015.1048460255984,0.8433833748724721,35.97228997304952,steep,LOW
2024-05-20,5.529725429056177,29.260890369005104,69.52075223093088,1010.7248120092746,0.5268802978461268,45.170611362383696,moderate,LOW
2024-05-21,7.9110448402229405,29.471445645114194,64.26902623221476,1010.858186008311,0.6909464005210573,49.05620582089741,moderate,LOW
2024-05-22,0.27559645044961717,30.346884233395762,68.3960752390207,1010.1659821737941,1.293089242156282,44.83874734136409,steep,LOW
2024-05-23,5.01418038014533,28.771567174462206,78.6083749253297,1015.0064117392355,0.9806970059793491,49.786151399049274,flat,LOW
2024-05-24,9.054064012559895,29.550202377615346,59.80305047267716,1008.918282298705,0.915383760851677,40.69441473151962,moderate,LOW
2024-05-25,5.559071932445091,30.40477576190749,66.71341057367164,1013.0176906133939,1.0053126431826547,53.68875692871111,steep,LOW
2024-05-26,3.7711213223798086,29.705400045612578,67.33461778994366,1012.7598295098625,1.1015249022742941,54.03231311545718,moderate,LOW
2024-05-27,11.722745059052977,30.529475136205892,70.71257721767775,1019.5420522444292,0.5777206941901751,41.93299499333656,moderate,LOW
2024-05-28,5.005640597530103,28.664829218149805,72.52459259346942,1015.3249260093639,0.9512465670181134,39.023871696159276,moderate,LOW
2024-05-29,8.79003919903047,29.331084255723415,69.13054005022185,1012.8425284155212,0.9920468715486175,46.53644985046941,flat,LOW
2024-05-30,1.2119099526941337,28.296463944372803,64.23981873173854,1013.4442644850989,0.7114396901816101,46.68919304592537,steep,LOW
2024-05-31,2.0764265052643043,28.888563327942727,65.83286507609246,1013.9647724746649,0.2720188469851963,39.77772282772921,moderate,LOW
2024-06-01,1.8752624923644108,28.77423568538012,79.45906383713155,1009.238174169702,0.6114316403745862,63.35571801753793,moderate,LOW
2024-06-02,8.648680377102865,29.96292615893494,77.07943533941418,1004.4575016801751,0.5590535000848391,61.05949800615921,moderate,LOW
2024-06-03,140.6129657834452,28.700366551827244,73.20770447152368,1009.8168976884928,2.174392507377762,83.67695926947165,moderate,HIGH
2024-06-04,9.213595593376205,28.425086002348362,77.34802880540235,1007.8276947716245,0.7277399883274257,47.365026825255235,moderate,LOW
2024-06-05,32.6704291087925,28.72586378219459,74.70251151913365,1010.3551388997508,1.1430084723691172,58.79697520962899,moderate,MEDIUM
2024-06-06,6.788270108016081,28.900799192664913,79.29805673951607,1011.183338178791,0.8858861132083338,41.37186277694681,flat,LOW
2024-06-07,13.617194205758834,29.062656456161164,77.856608561626,1006.8947758138892,1.057518965529079,55.24801355050232,moderate,MEDIUM
2024-06-08,81.19723565999696,27.63442932274843,78.58234207525712,1005.1335488986214,1.8073402991874516,76.4950380093974,steep,HIGH
2024-06-09,20.41521843354552,27.84226515885199,85.64280407146933,1009.0430877319629,1.1505614619493527,54.077389298673154,flat,MEDIUM
2024-06-10,8.703728835271674,27.12945868261769,83.60892075492293,1006.8377856869013,0.7093558326535158,54.38326869548238,flat,LOW
2024-06-11,5.658363510763121,29.139981059259423,77.00184087661184,1004.70419424962,0.807109337883768,47.59702794841935,flat,LOW
2024-06-12,6.591937288022024,28.33054236063765,87.77346257705624,1007.7049249943774,0.8836276869390368,55.40088537674188,moderate,LOW
2024-06-13,0.8335182383505317,28.509435407830946,77.31386649081873,1008.4722885245221,0.32382525530529466,52.99585841487594,moderate,LOW
2024-06-14,43.45355681112037,27.405498184126294,77.33827163321257,1006.0551195758552,1.0207078001475833,77.13136918522149,moderate,MEDIUM
2024-06-15,19.08109561159559,28.275717875216007,76.5832841314625,1008.2220039196505,0.5789670429088589,71.04135936069622,moderate,LOW
2024-06-16,32.66265889160961,27.613928619778207,79.2514883633242,1007.1319666038365,1.073836928566349,54.80091448354449,moderate,MEDIUM
2024-06-17,12.678568422111606,29.744344063412633,77.58837160903633,1009.5400858678538,0.7568654806609999,60.61521924990734,steep,LOW
2024-06-18,1.9958673845500525,29.06688058967392,74.2398563876922,1006.6703112368405,0.513224920787412,65.95136948702626,moderate,LOW
2024-06-19,17.618511289588284,29.044954386454897,70.89136326481268,1005.6086417609666,0.713305635340986,64.73551254881883,moderate,LOW
2024-06-20,3.104616692037151,28.35296129814043,69.72313748006408,1008.0576549867692,0.8410599068890756,70.82133195723374,flat,LOW
2024-06-21,9.106178530046753,27.58819734551987,79.66571266037555,1002.6835006745041,0.8273024817172305,51.22408373467807,moderate,LOW
2024-06-22,145.68298772468006,28.326145860505022,74.15678597519266,1006.5062282883455,2.549185716616018,81.69540894164008,moderate,HIGH
2024-06-23,62.5475096736059,27.822639170845104,79.06056850565612,1007.7633810689592,1.6248689339969609,73.98640786915212,moderate,HIGH
2024-06-24,27.13044414955238,27.993700503062012,90.13333879365685,1005.3659826985158,1.1814399564853892,55.81803313073793,flat,MEDIUM
2024-06-25,25.417350955285514,28.41413742661908,75.4168761901263,1008.5163284344563,1.1785866121053852,62.32249364049449,moderate,MEDIUM
2024-06-26,18.47776513305095,27.65743752152357,86.46883120381246,1004.8991601133029,1.0840755317157005,57.52997957384761,steep,MEDIUM
2024-06-27,5.598307964438177,28.391241250965233,71.13474670215679,1006.0429430104845,0.24588316375300145,59.52269567356236,moderate,MEDIUM
2024-06-28,2.7168774315901056,28.732203864632538,74.49479588006098,1010.2031427557909,0.928140796205388,50.35119651862032,moderate,MEDIUM
2024-06-29,20.96103892772109,29.07459165791737,74.25655563315021,1007.1825875443509,1.2530725323288927,65.80797825785737,moderate,MEDIUM
2024-06-30,10.294821092721863,28.64720991918028,72.71877503667402,1007.6367184531495,0.8199517691552688,59.06871271387186,moderate,LOW
2024-07-01,4.027229581904597,27.417736656785273,85.15738556963709,1008.8171736032263,0.8329417755007578,70.1637068925858,flat,LOW
2024-07-02,105.86874345248788,27.057933436470005,81.45278659137126,1009.1156695362578,2.3561145020694,59.91072681241856,steep,HIGH
2024-07-03,20.361338791108167,27.662305658168613,84.2141519193412,1007.2733130125076,0.8006514158666111,67.01889000163287,flat,MEDIUM
2024-07-04,7.028274706541714,29.166400532173565,79.79855749452054,1007.9247713177007,1.003298853619332,49.25535547839581,steep,MEDIUM
2024-07-05,10.131245798837831,28.084532199123647,76.86266186196332,1008.0024166542285,0.8814945532341825,37.00847497407658,flat,LOW
2024-07-06,21.50913722738146,28.148761829072924,77.4870702689571,1010.2843233838609,1.1004803406911372,63.29008368545896,steep,MEDIUM
2024-07-07,17.559639547678273,27.372653462717807,81.80472762940558,1006.2938073371644,1.1636891862856065,60.67504316359365,moderate,MEDIUM
2024-07-08,10.236650355874804,28.918035507709277,69.46681346832861,1006.0831834508937,1.065678781685248,69.35677291183175,moderate,MEDIUM
2024-07-09,10.25978366832351,28.28493646171583,82.34351337615841,1006.2806766426654,0.9364735830692392,66.80265838713231,moderate,LOW
2024-07-10,23.06115604041026,28.087741817290162,77.42163578760275,1007.3792809980448,0.781448274473435,69.53857378149965,moderate,LOW
2024-07-11,9.028134169230846,27.2663671235219,74.66992093019802,1005.8983661653324,1.2501463044412908,38.66779117084248,steep,LOW
2024-07-12,146.70230480846973,27.621283295308423,82.23062622952803,1010.6790040056451,2.9976724924468496,75.22682760017973,flat,HIGH
2024-07-13,6.958333956442322,26.27815127043213,73.51777421937864,1004.6444204645983,0.8826841411903141,49.647937312698105,moderate,MEDIUM
2024-07-14,4.777980508840199,28.70894726894,74.93228720355425,1008.7618469263984,0.7669240577123875,57.42056399661784,steep,MEDIUM
2024-07-15,12.569606356962336,27.26755149684299,73.276860334042,1008.9837886794012,0.9952542153597913,55.749001814548606,moderate,MEDIUM
2024-07-16,81.3071082238062,26.663988847502303,69.88616334866738,1006.2827852929228,2.0613492882530235,64.33345075991892,steep,HIGH
2024-07-17,25.3981127377207,28.86578449451258,74.0649900826373,1001.8785252286827,0.9694402889775897,64.71724693949086,flat,MEDIUM
2024-07-18,16.43593428601448,27.98636213967114,73.3021862907362,1004.8092126215679,1.3500674950463392,60.171700888931646,moderate,MEDIUM
2024-07-19,7.519437176967969,26.284646267858253,70.49789798889746,1006.6099912446912,0.6645600900744196,65.87803057464826,moderate,LOW
2024-07-20,16.308161992930273,27.564102222011186,81.58097869856337,1006.8122163469633,1.2144033747250063,59.50214946129514,moderate,MEDIUM
2024-07-21,8.548348662937546,27.81991216264169,80.87673665903785,1007.8443733228748,0.7410784884553163,52.63502853932148,moderate,LOW
2024-07-22,18.414999066240167,26.49793738075643,75.0823831060448,1010.2728504246834,1.1933704704270807,57.25618471869887,flat,MEDIUM
2024-07-23,14.960067222023838,27.12836518286385,76.21694261720347,1007.4942051296608,1.2067715865673376,56.99325959072608,moderate,LOW
2024-07-24,17.066755433670746,26.900682416033312,89.20918900005493,1002.518591478004,0.8589178557218995,59.534190135511864,flat,LOW
2024-07-25,25.637282560947966,26.882877886330675,77.44021582884176,1006.7904266927044,1.0649659813827788,59.529598673524596,moderate,LOW
2024-07-26,23.229266808545674,25.666184828480162,82.331987001788,1007.500646586381,1.1747558811113779,50.47790235273757,moderate,LOW
2024-07-27,7.613780612946515,26.241274869792054,75.26837820743667,1007.3583435492018,1.5285749780603743,60.24994029190614,moderate,LOW
2024-07-28,31.184621297900975,27.84480816293598,70.50944829175977,1010.2017502473542,1.2177706465230784,43.126128363597914,moderate,MEDIUM
2024-07-29,21.68764821648902,26.28342974894766,71.47008813606196,1006.8571091939048,1.0332061400698138,57.8144567750371,moderate,MEDIUM
2024-07-30,5.932531274702932,25.684827282652016,71.40484908165743,1007.0238220324973,1.284287968792285,61.944768374497116,flat,LOW
2024-07-31,12.17884313076774,27.177438008706112,82.2308673151393,1006.105072723587,0.7761612544037497,59.00366628730389,moderate,LOW
2024-08-01,13.044381506629119,25.801946575394634,87.8848768405659,1005.7907325269151,0.7535552016699998,58.49603397848908,moderate,LOW
2024-08-02,9.41798435683201,26.97224935566039,66.21256270506342,1010.7617526140157,0.8044476869688407,62.4770559896537,steep,LOW
2024-08-03,8.703077771747012,26.331820149741862,81.79039993470046,1005.6991590946536,0.717391431662719,56.58661050935725,moderate,LOW
2024-08-04,1.45831108164268,25.89890192688845,73.94199974403946,1003.7710374918192,0.5383377295709729,43.1157452957125,moderate,LOW
2024-08-05,31.083175499786474,25.935478165587195,70.31957520477638,1004.7216878489314,1.1554451757727933,67.73971378305464,moderate,MEDIUM
2024-08-06,21.335425384366633,26.44979842092676,76.99405118252625,1011.0742557939196,0.5795313215145963,58.55757609619917,moderate,LOW
2024-08-07,2.801969944541831,26.497795283261983,70.02021420196891,1008.190572120676,0.9086013697964135,60.9789227668069,moderate,LOW
2024-08-08,14.16555849230465,28.369148221817383,78.47847688798127,1004.6249468480256,0.9575672125505482,49.66226229140253,moderate,LOW
2024-08-09,4.7934347756842985,27.079440366302634,80.61497664123664,1004.8021508688189,0.6365729327763523,59.62302296453496,flat,LOW
2024-08-10,10.392460165993784,26.76832730216118,85.96364228009784,1006.656282402026,1.1507213549197082,62.47445949605057,flat,LOW
2024-08-11,4.46284505076859,26.486424217254562,81.07322024040911,1009.5103168334094,0.8439864479427993,54.54966986524282,steep,LOW
2024-08-12,13.98443946853873,28.215251736892892,84.20298273096536,1008.5701218365,0.669247309510181,55.506702675903604,flat,LOW
2024-08-13,6.423864294336822,25.63165226470681,83.98408354548062,1007.2046206676177,0.36409017772948943,57.60417963573573,moderate,LOW
2024-08-14,26.895346106192402,26.624494890264824,71.4247269548121,1004.169666453035,1.3840701591302231,69.40619116460124,flat,LOW
2024-08-15,37.13491753350412,25.71866686677727,86.65714375516171,1008.0726028644166,1.1605640693496564,57.89234759288853,moderate,MEDIUM
2024-08-16,2.079172957766948,26.717597276972313,75.3918983132092,1006.4711625745506,0.5419601261752379,56.183269925399436,moderate,LOW
2024-08-17,34.78302359872517,27.070334333564034,83.64985197053778,1005.340363235585,1.202385637072827,49.46374593283221,flat,MEDIUM
2024-08-18,50.924546509224065,26.856423989394713,73.4795541692546,1005.673301116671,1.620512295086112,66.42056085497268,steep,MEDIUM
2024-08-19,7.310108484037954,25.456743272547175,76.3371840926082,1007.6791852465103,0.765125760555661,48.20195608486839,moderate,LOW
2024-08-20,7.528399080893473,27.220856898469634,74.4379756332392,1008.173164674667,0.8618805831837674,46.148484235851456,steep,MEDIUM
2024-08-21,2.9084631358409165,26.515764534855773,75.52711558919196,1008.654505302281,0.3535350785518398,56.97546794965868,steep,LOW
2024-08-22,7.108443662566007,25.996965709357337,81.90340544962889,1007.0994813308891,0.583443602628988,56.26060189669745,moderate,LOW
2024-08-23,119.70748095215534,24.92717690348676,80.12342226602877,1005.3694271424109,2.571122503057411,80.42264318958762,flat,HIGH
2024-08-24,3.018116169903228,26.507000744463888,75.90379671663365,1005.1321190947075,0.6176615303217284,49.11871107269231,moderate,LOW
2024-08-25,6.414804999322468,25.368936139925133,75.86849205993099,1001.7516664449971,0.7660299308213353,56.77138641198726,moderate,LOW
2024-08-26,1.467232349443046,27.18365561376633,77.73639311997931,1009.0277936682055,0.35419747651491934,62.21141780884819,moderate,LOW
2024-08-27,13.260378700845116,24.714373901275785,67.3645122819207,1009.7447748682871,1.1248557128630354,51.64397895373011,moderate,LOW
2024-08-28,27.722007837682,27.016575338873338,74.34643762399389,1007.0623568973292,1.111367957992132,59.248966841955,moderate,MEDIUM
2024-08-29,14.010266200743775,26.76192795447074,73.1180739611687,1006.5635331109056,0.8363338748311437,61.608265218726075,moderate,MEDIUM
2024-08-30,25.486301203624627,25.71855537867727,77.75578207132995,1010.8275720801369,1.012959965855952,69.4948943732579,moderate,LOW
2024-08-31,18.26532512182683,25.53382080855705,73.07975738490407,1005.722847619246,0.9989074709084251,58.19406726942172,steep,MEDIUM
2024-09-01,33.13928280320456,24.91498161660794,88.15186495379552,1007.6093389982436,1.3170398220609627,52.58943372526334,moderate,MEDIUM
2024-09-02,19.564919667451083,27.89573879072938,73.26468586453024,1004.9558255080466,0.7740347786296221,71.1781320702331,moderate,MEDIUM
2024-09-03,11.777227154218618,26.741175286577747,76.10049087945723,1006.47984692109,1.0288558501955936,57.45061950655024,moderate,LOW
2024-09-04,13.31560071959043,26.481006220682563,82.01657111812133,1006.6002918757978,0.7227845450016772,63.575243733584365,moderate,LOW
2024-09-05,2.973138282528197,25.58830352016994,85.40867797271063,1007.9596780738044,1.087890803710085,59.289947573944346,moderate,LOW
2024-09-06,5.397022411507682,24.887624915441947,75.30236265114803,1006.3534348029673,0.8843252221865455,61.039004145626095,moderate,LOW
2024-09-07,18.998350346742917,25.578798785613962,83.3949432007119,1003.6363884867446,1.0131480553050287,70.94658105130844,steep,MEDIUM
2024-09-08,13.22343784919632,25.885741250119153,78.23313421397009,1009.7086009310112,1.0637211663993151,52.85411454990227,moderate,LOW
2024-09-09,19.362764524942044,25.89626839923879,70.59893669437595,1010.2325635071275,1.0346383773149188,53.56818928153628,moderate,LOW
2024-09-10,1.4594533944723136,27.711354400934987,81.63198256599479,1006.815914922758,0.6139019570036055,50.52344731413631,flat,LOW
2024-09-11,11.247753127555193,24.520967378896206,74.67023802120355,1005.6619097516524,0.848754705886893,58.264963197337,steep,LOW
2024-09-12,17.8607531647241,26.39510800138726,77.99213997765402,1007.2203611555627,0.7067090738942147,60.42451633692739,flat,LOW
2024-09-13,17.10233965863571,26.640394036159424,78.35647306748719,1004.6564832962334,0.8065337762017557,58.027932885373446,flat,LOW
2024-09-14,8.642675654874413,24.559422585914447,76.82524648112715,1004.0606691158594,0.5795087137837681,55.53908823832105,moderate,LOW
2024-09-15,17.78683331927243,25.520915031259058,80.6871488506954,1005.5720098055307,0.7711190218897626,68.0435143451949,moderate,LOW
2024-09-16,20.9021202839913,26.94440840485055,79.96031058291871,1009.0215627680114,1.1103222490389602,60.477791815359794,moderate,LOW
2024-09-17,17.619711730667706,24.58361147296703,75.29212069102861,1011.0896464969533,0.8077755600669174,57.97217069815581,flat,LOW
2024-09-18,17.209367071702225,26.523943107207977,74.50618290592593,1008.5772222385305,1.1636978349656224,66.9660977237904,flat,LOW
2024-09-19,89.41799290957366,25.13682205437865,77.51470437062929,1009.8526539538001,2.468653547550172,80.76100263951764,flat,HIGH
2024-09-20,3.699011581636378,24.640937115374964,79.1957934228862,1008.0463988945395,0.9813294483447468,61.034805419948114,steep,MEDIUM
2024-09-21,5.113598919196331,24.222213997968694,81.70321354921538,1005.493751212418,0.9948286093237083,65.52547288303973,moderate,MEDIUM
2024-09-22,20.736139880738918,25.918196582768367,75.6456306014212,1006.1198219788257,1.504877877672465,49.42942210298214,flat,MEDIUM
2024-09-23,5.055006390173746,26.11831041095618,73.2755519119887,1005.4688241734234,1.0076377226890778,70.153835010619,flat,LOW
2024-09-24,5.635687191409391,25.892706564153592,85.30920429696799,1005.5193412683226,0.7740137949620441,62.18230952159021,moderate,LOW
2024-09-25,6.484872921710305,26.76059106626094,85.5607177906096,1010.6078609665058,0.8309279529063036,55.794336228635395,moderate,LOW
2024-09-26,22.597326341820853,26.198126407181185,77.11362669258,1006.9471400905186,1.3070932363048613,65.70285896616838,moderate,LOW
2024-09-27,1.3561864425236707,24.58119594036278,74.72552179345014,1005.3190296753421,0.7257673394028341,68.598405747237,moderate,LOW
2024-09-28,6.165222414189229,26.11109879969961,79.99489817369617,1007.6074850049026,1.2143708664144433,65.64204896270479,flat,LOW
2024-09-29,181.0834865519191,25.950642578398806,79.00233860538125,1007.2424810893541,2.9116912768288694,83.59973422544674,flat,HIGH
2024-09-30,4.03155397246338,25.776155507824743,75.17598324448787,1007.5923391692575,1.008332332916329,51.81597219104092,flat,MEDIUM
2024-10-01,6.972829506609463,25.754453485719917,65.8535431472623,1012.73234028449,0.6791853035061661,47.00929666244249,moderate,MEDIUM
2024-10-02,2.77078224856421,27.397447109999987,65.24992210813723,1016.629350697858,0.7428924853852399,57.888890918339115,moderate,MEDIUM
2024-10-03,4.67729424787699,25.30420892155439,68.37895774982177,1014.7947229180401,0.7668815559689871,43.48523450174855,moderate,LOW
2024-10-04,7.567123507977764,25.272164648147363,64.65706071276256,1013.7587178393343,1.1953898688089801,54.157000684384585,steep,MEDIUM
2024-10-05,2.923842411952257,25.594968190943998,76.02204998017677,1010.1547987024339,0.33914131285923627,39.63869728775762,moderate,LOW
2024-10-06,5.885497203326906,26.75326892741812,59.18457202883035,1015.3766730767179,0.7102586280383306,51.00328474913311,steep,LOW
2024-10-07,3.6816942954698466,26.741711969279283,60.073726886961175,1013.0615050970698,0.48391659164651185,49.0907264537784,moderate,LOW
2024-10-08,9.107489939268289,26.563929699358855,74.80450793738527,1009.7135060602891,0.9896985791136369,53.07570226735099,moderate,LOW
2024-10-09,1.0868054057947192,24.868224164687025,67.1082428274455,1012.9197518843933,0.8951865940129206,40.776599894281475,moderate,LOW
2024-10-10,3.9743757060773,27.664117603667915,60.462594001106126,1013.6306840355732,0.48798187903258644,52.72783505835879,moderate,LOW
2024-10-11,1.9798825949697572,25.780166614426616,69.61598798429354,1013.967402787217,0.7282563523788506,35.987745232161394,moderate,LOW
2024-10-12,3.508652177354865,25.282542625103606,59.988626363245025,1012.9319479946339,1.0766179547313892,46.65289278291558,moderate,LOW
2024-10-13,1.61240683239357,25.033296922712854,64.3730287118588,1014.140068392168,0.2601809300142061,54.16399568252841,moderate,LOW
2024-10-14,7.118664595353559,25.736960557961588,62.684256449222886,1012.7198491175501,0.5629708909921447,49.47088685983772,moderate,LOW
2024-10-15,10.20165056605724,26.615032422435466,66.5142763138493,1012.0434457239836,0.971442731195059,43.82493747589022,flat,LOW
2024-10-16,1.3008207829430662,26.39384191629557,72.43345037703048,1011.0286876620667,0.8871658893707511,41.465973406194536,moderate,LOW
2024-10-17,9.847293358491976,26.53298097191556,77.54395179228483,1011.5922413179004,0.6012406566292432,41.42223811217366,moderate,LOW
2024-10-18,0.15982510939422417,25.472019078634734,71.918798836989,1013.7048387580201,0.552223219698579,49.15369968394946,moderate,LOW
2024-10-19,1.7972903773694726,24.1393973979819,62.546700128153574,1011.5150608791529,0.7455008998120475,38.65191480108672,flat,LOW
2024-10-20,1.067329910925801,26.272888348195757,70.01182674209912,1013.0247222638105,0.33074169953853844,40.820423839388916,moderate,LOW
2024-10-21,2.576153622231968,27.08599119448638,72.060481063423,1011.0249644403026,0.9082430231576378,49.86853961699495,steep,LOW
2024-10-22,6.88397941567576,24.83144550411421,70.2760136231857,1013.433923647229,0.7463402839386795,45.770425317468266,flat,LOW
2024-10-23,5.841509687296396,26.107022242181984,69.78570962214437,1010.6908287711474,0.564051889838933,30.406615235780997,moderate,LOW
2024-10-24,1.0848731804436507,26.285709005943907,71.0117641944626,1010.5919661723278,0.699982693171482,56.854693922580786,steep,LOW
2024-10-25,7.541859710480248,25.2004845007579,71.59310812695526,1012.6839575425063,0.9532599644754147,41.701374772607224,moderate,LOW
2024-10-26,4.186439261594895,26.41579025833326,65.1040250773755,1010.3134310957796,1.1689928488988721,63.05274507240274,steep,LOW
2024-10-27,0.9414312187353862,26.44493509302977,74.70557805840643,1010.5742187309163,0.6830382630688054,46.51273913391809,moderate,LOW
2024-10-28,2.7216459347197306,26.552009525686923,73.6239798258562,1012.8348170765097,0.8421347118474037,42.08680828421847,moderate,LOW
2024-10-29,7.734961396555327,26.465333128204172,75.51057573997306,1010.8903153313629,0.6780178539084742,47.26577765132617,flat,LOW
2024-10-30,6.58553768693321,25.297569773597132,68.32885837593831,1013.3406775416136,1.0324535810280806,48.739816975071946,moderate,LOW
2024-10-31,4.7243990275096595,25.537743999704222,69.44419175829688,1012.3337504682327,1.1933216405228988,55.10393591753898,moderate,LOW
2024-11-01,4.936041295062403,25.12150341356173,66.91913888339018,1013.2028000668105,0.8314047380371016,49.02716076337014,flat,LOW
2024-11-02,1.944944807844888,27.311324851398673,71.85490794596575,1012.2184581157334,0.7023713798796142,44.572744094452446,moderate,LOW
2024-11-03,5.292051481128529,26.323229870925342,71.31299075212625,1009.6270465876197,0.6581557740222191,54.39551274118551,steep,LOW
2024-11-04,6.109374466023686,24.596025513838853,75.59693837822756,1007.4560887387481,1.0261403532537086,45.85586578781787,flat,LOW
2024-11-05,5.190071003565432,26.505723673241064,70.92413818529806,1012.1766477753218,0.312503626248226,50.621558806894264,steep,LOW
2024-11-06,8.260131783904878,25.02509008024696,63.770161291013295,1009.8140490974397,0.8349494566475829,48.99293040384939,steep,LOW
2024-11-07,6.5586968090277065,25.821392255260125,67.13739007008007,1009.100397648694,0.715314913063647,46.03549934026644,moderate,LOW
2024-11-08,4.93755477489393,26.071874169831755,69.43097471277159,1015.0040639866205,0.7501888032959979,47.96379745205582,moderate,LOW
2024-11-09,2.036403561379592,25.863106625519173,69.93073450496095,1013.0565107430201,0.6545623842906579,43.00846070918031,moderate,LOW
2024-11-10,0.6001402968368197,26.516964681569817,72.24835126224247,1011.9370861953864,1.1828480108217192,42.43186940957809,moderate,LOW
2024-11-11,1.4059611293556964,27.58276372098208,74.8553369538433,1014.2014903257696,0.4970672149963904,57.88976794031719,moderate,LOW
2024-11-12,2.9109742788005093,26.90921101706393,79.00551569377296,1013.497444520638,0.6444069142873263,41.154011957601504,steep,LOW
2024-11-13,2.8862025138659533,26.887050453873847,68.10154003280203,1011.0101311123674,0.8000112922111736,52.5226263134475,moderate,LOW
2024-11-14,4.195004041457617,27.128100882269706,52.340475906279096,1013.7656914177303,1.4055055558580138,35.07063689489571,flat,LOW
2024-11-15,3.6427670698983317,27.29029107453356,70.3622550717765,1013.3046007450946,0.9539596463407949,45.663670023986946,moderate,LOW
2024-11-16,4.144245561416545,25.120109472449315,65.28274836348288,1015.2947553635996,0.42829947083128006,30.5187366140988,flat,LOW
2024-11-17,9.579501093050853,26.247324356466443,58.7075603112951,1013.9045082454044,1.0090112936165239,33.96479767024992,moderate,LOW
2024-11-18,6.5078221913166345,27.011223913333662,71.26841354405659,1014.0414417974034,1.0147354132450483,33.24486894483007,moderate,LOW
2024-11-19,1.859232093384712,26.883524504369582,69.62340826614425,1015.2342116229121,1.0150123060458585,39.17218905595115,moderate,LOW
2024-11-20,1.6521494656921087,26.859482033280404,50.95643961764155,1017.8224880792794,0.8663844113347503,41.077899491959975,steep,LOW
2024-11-21,2.71215051495272,26.241804505111986,76.2599591872167,1012.7900305873883,0.7780532829091681,53.83329764842103,moderate,LOW
2024-11-22,3.504568881497982,28.692137469289083,69.5870522439971,1013.2335201757452,0.79522530412724,54.69869183804532,moderate,LOW
2024-11-23,2.886920676631143,25.74450699857434,65.41099998651015,1012.8881260118792,1.185574641591997,49.18498773597125,moderate,LOW
2024-11-24,1.874729498544358,27.623527677304992,68.14074955112102,1012.1149470689223,1.009354151404326,38.327919537708844,moderate,LOW
2024-11-25,15.74908894084384,26.13276855275026,70.0518435133577,1012.0599825619693,0.587707373174304,52.269615529231324,moderate,LOW
2024-11-26,2.8036046976796456,26.015389998133774,67.25032199766217,1011.8752632341536,0.4892958987893808,58.66572251744919,moderate,LOW
2024-11-27,5.687047371426824,27.433217596023585,65.93445023601643,1013.545105245943,0.7180480895062372,48.922302479150645,flat,LOW
2024-11-28,2.625845243611863,26.965475309368195,66.97865256096351,1009.2192555045825,0.8663031208763572,52.15127157224121,flat,LOW
2024-11-29,2.6052097913214647,25.993387099173976,69.04320953243503,1013.4046363611167,0.5362540631731346,44.166272294671344,steep,LOW
2024-11-30,7.247338242266973,26.885968708517666,60.866532893511106,1011.8352928010769,0.7388122852546227,46.00806480761424,moderate,LOW
2024-12-01,9.977319989431255,27.716517186262262,75.23052054971569,1014.1394157630453,0.8404830009367199,53.560381342200074,moderate,LOW
2024-12-02,6.001686631214147,26.30702128153801,66.62572947984758,1014.5592420414717,0.7846886947005722,53.85833342883606,steep,LOW
2024-12-03,8.62751892756245,26.184300324444123,70.41317749727888,1011.7849419180892,0.41714620107363704,44.28182991474352,steep,LOW
2024-12-04,5.246013017683121,27.189677812603538,80.23901376796454,1013.3550424510341,0.7843102693036809,36.831171337201994,flat,LOW
2024-12-05,2.346836025178127,28.10715852526296,73.79111334397979,1015.2641027344214,0.6446547568639266,44.99519434663996,steep,LOW
2024-12-06,6.582771834246387,27.411243667905584,77.8744554267868,1014.7943888360661,0.7400417289850912,51.788395618039786,moderate,LOW
2024-12-07,3.744950543957847,27.612396109113174,76.36987247635523,1013.8675382444289,0.8698072261265704,45.92152756181332,moderate,LOW
2024-12-08,3.1973605377007166,28.56108600263238,66.80143110734599,1013.1052241518228,0.5316159929638835,50.496021545967196,steep,LOW
2024-12-09,11.112008246222372,27.68139595783537,67.23224838914982,1014.056037359389,0.9451714118181391,47.074651947693766,moderate,LOW
2024-12-10,5.212180822253888,27.06345218723052,76.53681006835777,1018.4210935376927,0.47709097520029736,36.965528692705675,moderate,LOW
2024-12-11,3.362751625081991,27.766209097915414,68.86015568390235,1014.0578710939158,0.5774197352191375,43.79555334149397,moderate,LOW
2024-12-12,0.6576783903514128,26.431920456734037,71.82054111841887,1013.4907098971448,0.862630475873757,32.22106682993547,flat,LOW
2024-12-13,6.0635003011806035,28.345042133742503,58.88341428238605,1014.6866897838499,0.5688063483284684,53.25185105137817,moderate,LOW
2024-12-14,0.46474185188314654,27.23627432258345,68.64891161230922,1011.1766274473435,0.9021064051523722,34.931206411989805,steep,LOW
2024-12-15,2.5619307836530436,28.714172209416947,67.66328673595423,1016.815271940884,1.0437679940831313,39.79726968404291,moderate,LOW
2024-12-16,4.045471286838064,27.824934085480603,68.8814631054823,1012.6002408258034,0.7480428103389111,54.73896529277398,flat,LOW
2024-12-17,2.5960602105027775,27.068760548321908,60.98952001978618,1011.4992493833471,1.1135459720701224,43.94321420760294,moderate,LOW
2024-12-18,0.11762685072960177,27.419687936793746,65.59279988554745,1013.3619199148422,0.577808089307937,30.15051958839095,steep,LOW
2024-12-19,4.452750780212178,26.81295294068691,60.65071241946433,1013.4477854141361,1.1701515017595225,47.09007795421909,moderate,LOW
2024-12-20,4.39134492463808,28.314389983660135,71.03366588705863,1007.0283549317802,0.9021807249766853,38.634345872167124,moderate,LOW
2024-12-21,3.125125063034693,26.347932906309122,71.52288208528776,1014.5266776950632,0.7586209250203948,39.39540334786586,moderate,LOW
2024-12-22,7.732503778181346,28.549563070006162,67.17400420434781,1012.8083310007142,0.3889656303193889,45.1328591558271,moderate,LOW
2024-12-23,0.9263247019691084,27.806752104164644,64.78122193083847,1014.7093461729826,0.2,47.56571394650133,moderate,LOW
2024-12-24,9.982443361612189,27.531831644710966,64.82098721726184,1012.3941484121888,0.9856884624036593,40.84665986602591,moderate,LOW
2024-12-25,14.659241003196911,26.735361600150974,61.27627626841794,1014.5531311034232,0.9049520703078427,53.33670242292791,moderate,LOW
2024-12-26,6.800265619741652,27.262631416775736,65.99500760598808,1010.6058912891535,1.2993438739415275,45.345367148051835,moderate,LOW
2024-12-27,5.887166750345761,27.4569414258122,62.74036089010089,1012.5322389781642,1.063605634599986,42.23795247276388,steep,LOW
2024-12-28,4.157786261730191,27.996314394926802,70.49511300358873,1016.2856963377063,0.8508044135190765,50.13161668897817,moderate,LOW
2024-12-29,1.1664128072923288,27.095013584772644,61.33927122154177,1014.5909197497408,0.7900087150253237,45.73143436273399,flat,LOW
2024-12-30,14.074722608720256,29.641450204751166,60.75379259674342,1011.3751976828869,0.3604084935033963,49.646083222906924,flat,LOW
2024-12-31,1.282986755672861,28.659753433733126,71.55731825783774,1016.6240677821576,0.5478181460668495,46.72418361067853,flat,LOW
2025-01-01,2.7429528834379417,28.409429349539174,73.08510903209095,1014.982133381663,0.5304412251971664,52.40071826487669,moderate,LOW
2025-01-02,2.7690885495794886,27.6277789100808,76.71156923098117,1013.614821532988,0.7851892901189935,43.579635272678296,flat,LOW
2025-01-03,9.206915594786013,27.89467122412746,66.92877728314545,1013.2917439565651,0.6627972357639313,49.45275300274978,steep,LOW
2025-01-04,0.9541640511711558,27.764838494727258,65.81602219946085,1016.9969317494919,0.964739765771277,51.75338107250352,flat,LOW
2025-01-05,2.866328117520935,28.814514739660638,70.45527302404393,1015.5719947293566,0.6902874934237722,44.43749519422536,moderate,LOW
2025-01-06,7.084166219647386,28.81566864137506,67.89752218913584,1010.8827254640926,0.28511105513119417,45.107308949798636,moderate,LOW
2025-01-07,11.433262156003192,29.83406222985237,67.78529458521628,1014.9066071032855,0.758691210113441,43.11279744841144,moderate,LOW
2025-01-08,0.2973774244487324,27.788707347338768,63.99280610122402,1010.6400566367746,0.6533708022326602,57.38905278758551,moderate,LOW
2025-01-09,0.5865950693545666,27.51199318938646,72.9416887060576,1013.5731870945879,0.5496565941953597,45.59600082454032,moderate,LOW
2025-01-10,11.047134229765405,28.9127036539324,54.66541260983551,1012.8664226423424,1.3865097532112396,55.9399736247216,moderate,LOW
2025-01-11,2.797231914771723,29.782980009945433,69.22139141137954,1011.4644088805371,0.7504979646067731,27.168026083736375,moderate,LOW
2025-01-12,3.7781160143531785,26.89817860323309,66.09422346148786,1015.0193714770377,0.39380840912197956,47.170997245642184,steep,LOW
2025-01-13,11.691701354091826,28.350946849909107,72.27479876582345,1010.3473026639014,0.8201547186736626,43.5636801272302,moderate,LOW
2025-01-14,6.88186251449935,27.92613423839015,68.68349601663606,1015.980883228201,0.5953865130181639,47.04844683995399,moderate,LOW
2025-01-15,3.4791984127281013,29.690387532705376,64.12824049555908,1015.052143940307,0.5968438241790437,41.1433471986389,steep,LOW
2025-01-16,7.5740356137027955,29.20722838642009,66.557236098718,1012.9832647445622,0.6482044360895871,52.46455998715723,moderate,LOW
2025-01-17,10.25172874751779,28.651068203550405,71.79364010327167,1013.0477288423791,0.7792988526414393,46.32759517746837,steep,LOW
2025-01-18,2.0036591778573882,28.679056076113817,72.32292597763828,1012.8003092522571,1.1821296612912913,44.20477883267294,moderate,LOW
2025-01-19,3.1728353479142606,27.877411778316254,65.34666555130454,1015.2716596977002,0.7393110153782113,42.08341597487719,flat,LOW
2025-01-20,10.65357514069229,28.060078381318924,65.52375689903172,1016.6274721406295,0.9200885501103898,44.724646816831296,moderate,LOW
2025-01-21,7.640101122316748,28.95363943568396,72.63280034608529,1010.6794257080803,0.8176878811912861,38.345287596992506,moderate,LOW
2025-01-22,2.212380176506314,28.55577589144897,64.75790937515796,1013.1031091266499,0.44644502058098723,48.33347955131332,moderate,LOW
2025-01-23,3.4320542688117275,29.147211776308392,57.85765290584227,1014.0736349131957,1.5269522649683918,44.65607459251872,moderate,LOW
2025-01-24,6.4102784615747535,29.66324785180045,57.22196560708225,1014.1267976753255,1.4391367132340398,50.31862909655247,flat,LOW
2025-01-25,4.587849651103845,29.90406887716218,63.22058705986037,1013.1484872693841,0.5543727442685957,41.863041044829636,moderate,LOW
2025-01-26,3.9889029387910946,28.03592392690157,58.64149256800282,1010.4974387329546,0.7878233544429609,52.45997182187731,flat,LOW
2025-01-27,10.773412828864098,28.795695173524997,62.60211639831374,1014.9815234691357,1.3859788459441034,34.28329319777623,moderate,LOW
2025-01-28,5.663909670449304,29.08239364747174,70.75131535470067,1016.5218047722552,1.272065283582026,45.41581595932601,moderate,LOW
2025-01-29,1.5270600287605742,27.95579400202196,66.73712981004398,1013.2053795419089,0.5971552722517199,47.187800859447954,steep,LOW
2025-01-30,3.3106930329195543,29.898571669857432,69.19791822072762,1015.8786715424228,0.7908323004487229,43.757641499140696,moderate,LOW
2025-01-31,0.6240657079382318,29.422547409502023,61.1887526006627,1015.5111547318388,0.7169226268330618,43.38430142247905,flat,LOW
2025-02-01,5.891741650649643,28.363211932948307,73.94174960302675,1013.70924232155,0.7296437676976766,50.373792140733464,moderate,LOW
2025-02-02,4.9528416696483735,30.83993026451276,65.10190016161887,1016.1120326539,0.7270754127186064,51.392606060031994,moderate,LOW
2025-02-03,8.350317615123382,30.075866009991852,77.2321992545572,1012.4826140415163,0.8339312810123812,42.58842114490743,moderate,LOW
2025-02-04,11.672313447089389,28.49304880635984,76.05450468207188,1014.2490968517767,1.405177263966972,43.59777655228243,moderate,LOW
2025-02-05,2.0080644578536893,27.85848324377092,71.42477278327505,1013.6469481669847,0.7157323012513256,42.5686593964804,flat,LOW
2025-02-06,6.3406959280000805,29.717915440953075,78.37225697404729,1015.9710429772886,0.4188284532523379,42.193937966796895,flat,LOW
2025-02-07,3.4579673285862693,29.64690187543207,67.9499155244185,1016.8286508172075,0.6885623342744323,53.69471879657408,flat,LOW
2025-02-08,1.3518213538291404,30.235487471055805,63.213036369628036,1013.0481548129678,0.3748825269251676,43.934234418936015,moderate,LOW
2025-02-09,2.501130328989744,28.49411474332155,64.75820793187538,1016.5162218324286,0.7557481778641294,38.35901518279427,steep,LOW
2025-02-10,0.6450385320259976,30.515256825514122,67.28758787806697,1016.7814603522024,0.6858386183563759,44.84490490646343,steep,LOW
2025-02-11,3.5203434512420975,30.227339675463906,62.331541572266,1015.4842772372551,0.6872265203733826,39.196878933614,moderate,LOW
2025-02-12,3.0863773902069274,29.75627358422545,69.02829460443003,1014.8012941657108,1.019513565376282,50.94819226861213,flat,LOW
2025-02-13,5.835531230408293,30.502853737562493,67.5455192995893,1013.0664930326893,1.217927197780353,57.22879858024786,flat,LOW
2025-02-14,2.4577619659665584,30.179143005845795,69.57790627098682,1012.3562545796201,0.8197905741681468,45.21670507568106,moderate,LOW
2025-02-15,4.071402609125273,29.26532851548372,72.51912844304759,1015.577664784622,1.0035454625507323,43.67697169487083,flat,LOW
2025-02-16,3.907807730622884,30.130200387049204,68.73065820478475,1018.1870960041387,1.1229348317789833,50.5642222581351,moderate,LOW
2025-02-17,4.18503342263483,28.226727668760837,63.63720445459217,1012.9045659636591,0.2363906817872764,41.81750246748598,flat,LOW
2025-02-18,3.0523398409164795,29.3701275414273,76.61946914061932,1014.3242905629812,0.6057099033892097,44.979416457603726,moderate,LOW
2025-02-19,1.7984017860455093,30.47669199491421,65.90107811241592,1010.8106072259383,0.7161909407733219,46.09582853981069,steep,LOW
2025-02-20,3.5446793245035852,30.05369612756213,79.14897557597486,1015.5022189646244,1.1154036960552671,65.13230345007582,moderate,LOW
2025-02-21,4.182877688889011,29.269261725639712,68.53843159747484,1011.7045447138433,0.8622393047240555,41.064068037194616,moderate,LOW
2025-02-22,5.066390500037574,28.19806353629151,60.722215393439555,1010.7054670170771,0.5552528809720699,48.6609218813561,steep,LOW
2025-02-23,7.930071057727769,30.620516758930417,71.04198095729562,1013.419358618183,1.0937890014378304,52.62540020083986,moderate,LOW
2025-02-24,9.018388616397434,29.553015390503834,66.47104767174135,1015.3053657549632,1.2281245784836539,36.201502700987774,flat,LOW
2025-02-25,1.140603135318463,29.619819855403417,66.40896763933708,1009.8831654405662,0.8795785404029186,49.92690744338398,steep,LOW
2025-02-26,2.5046585923788016,29.804233646082665,76.43997720734232,1007.3315104347336,0.4983337916384061,45.414484688399405,moderate,LOW
2025-02-27,2.938852872596396,29.323211605361877,68.32234463051336,1014.2562985555156,0.6850161818311954,42.268464793108315,moderate,LOW
2025-02-28,3.644198060380986,30.238840735729582,65.74499385276603,1015.5230701496221,0.9024263398163335,53.73709453859473,steep,LOW
2025-03-01,2.653261381037118,29.325127741063305,74.26052712254295,1015.974981155845,0.4527655970144418,42.19004552893458,flat,LOW
2025-03-02,5.740808269950495,28.62600391518236,70.44813071936201,1009.1019228621642,0.6744127725145398,46.995763900404455,moderate,LOW
2025-03-03,3.2541128928701064,30.60261843909052,69.42602963182878,1011.705966756097,0.7582424175636111,48.17030009252386,flat,LOW
2025-03-04,6.59980577657202,29.456462604835696,65.37908546872498,1012.5292400143741,0.7631039249890392,38.93379616186557,moderate,LOW
2025-03-05,7.0441050893999035,30.47572748142209,69.11449581501918,1014.4396559618627,0.46958479545959103,45.03698825102794,moderate,LOW
2025-03-06,5.897489352477905,27.979243333969016,62.5915014115854,1012.8779040285782,0.8044333966630014,57.670860261246574,flat,LOW
2025-03-07,3.9190926024759163,30.878777093901554,65.04944773921281,1012.7194324245188,0.4864718590025633,55.52020623123852,moderate,LOW
2025-03-08,1.914612178692542,30.41880218457276,66.74640543638863,1011.9310587565748,0.5651507611843052,47.65992512149169,moderate,LOW
2025-03-09,2.4572839355452576,30.088249294198334,67.09388280604045,1012.356703302716,0.7865519284053585,50.60460842948307,moderate,LOW
2025-03-10,5.607636561863795,29.586993035121242,62.780421793387816,1011.8136869853238,0.7890270722120993,40.337142632712194,moderate,LOW
2025-03-11,1.4515536687994808,30.709966800102272,65.62792702317077,1011.3259326935522,0.4483115197076326,48.178984873432725,moderate,LOW
2025-03-12,2.576683548140574,30.924988799383428,58.94777147820844,1016.9337372858254,1.349675328803701,26.442139826280506,moderate,LOW
2025-03-13,1.8922718316527811,29.745603996646974,72.0587954923968,1012.7748601860641,0.5006572739248025,44.078544645682044,moderate,LOW
2025-03-14,1.1236242633041236,31.686518576517592,64.78786660145782,1012.725294026161,0.6174055124931687,49.00515756807061,steep,LOW
2025-03-15,5.717685295150431,28.99641787689537,66.00517612336542,1012.4635336009335,0.35527746204060623,51.59303923549365,moderate,LOW
2025-03-16,10.300749854797823,29.91588269841332,70.19486320209093,1010.5361055558316,1.0104303294417458,43.05776551417908,moderate,LOW
2025-03-17,2.8585718841826657,29.86450034043768,72.7483995140818,1011.4293848147286,1.1766343282062088,36.153368352849924,moderate,LOW
2025-03-18,1.3698004399038834,29.741983737290898,66.28135664231073,1014.6027144727111,1.0955037059057608,53.539143000675075,moderate,LOW
2025-03-19,4.2532969783324015,29.349780751319567,62.26849547135666,1012.1248533860318,0.8262008624287215,32.25528842848932,moderate,LOW
2025-03-20,10.43833473250826,29.68311909009111,61.01563545358607,1013.9196606129296,0.2772179584357488,54.33682902105498,flat,LOW
2025-03-21,12.475479121589883,30.893391214763806,67.497455815929,1012.3378989370558,0.544671320520812,51.04155721522049,steep,LOW
2025-03-22,12.161906321839261,29.690726133690017,62.98068708191243,1010.2630171329553,1.2507346812374565,41.377065958330824,moderate,LOW
2025-03-23,5.497219707841543,29.92667412321853,71.30336456501125,1012.9690584743264,0.6901549727504206,50.69661646271363,moderate,LOW
2025-03-24,1.7418019999013064,30.126662964689327,70.44455005878902,1012.0922802832916,0.42384670382828055,57.40678803758513,moderate,LOW
2025-03-25,7.046132752955275,29.942634482190595,74.91163722948232,1012.2923399248651,0.6475529822075048,59.16256264239847,moderate,LOW
2025-03-26,12.049781814377688,30.601827301394295,78.35541299608307,1013.0595014893178,0.8147456041487162,38.63320384896771,moderate,LOW
2025-03-27,1.794313799665781,29.203419967689705,75.78447300048717,1015.3097706214513,0.7190185196917038,37.19010452084137,moderate,LOW
2025-03-28,2.6665953305395593,28.784420530859908,64.77017434053113,1010.0907237549401,0.5842937208273872,50.61085043546494,moderate,LOW
2025-03-29,4.852453975379806,30.248693179633626,77.6045041104301,1012.3030278439462,0.8688941690356117,34.7691775040279,flat,LOW
2025-03-30,2.403315013246802,30.09980578812018,71.05789682510404,1014.342024854422,0.6229396403205227,53.00384230231998,steep,LOW
2025-03-31,6.562292275596745,30.47913706326141,65.69003498822869,1013.0999519494131,0.5297609587110095,47.71724273416107,flat,LOW
2025-04-01,2.262359473792734,30.307183208353948,64.91821473367443,1012.7424828485407,0.4825474068831607,61.75948519379597,moderate,LOW
2025-04-02,4.5572076689072665,28.616414667693398,55.21160131082997,1012.2014178765002,0.4237170791330817,44.027342479197785,steep,LOW
2025-04-03,7.218944721922652,30.518706366440245,68.07194846576117,1013.6950186198661,0.6783411831404398,55.76478768732324,flat,LOW
2025-04-04,12.08834994952313,30.791797246251516,67.70165759719735,1012.3445151666665,1.0394040843597336,44.71903813810134,steep,LOW
2025-04-05,8.795102829793871,29.953757887640354,77.43670473127973,1012.9649435034356,0.5087678419474352,43.38217852591207,flat,LOW
2025-04-06,1.384730472635693,31.984251887574164,70.39140350365089,1012.9782725066036,0.39702921247092726,56.03274684398771,steep,LOW
2025-04-07,2.8590094057856548,29.720662461230187,68.7343758656091,1010.1150662983086,1.0146569383998933,44.69797412291814,moderate,LOW
2025-04-08,3.0907876516782533,29.215311125754745,71.79878486509071,1011.2483200919538,0.6247562214753666,45.470948450329495,moderate,LOW
2025-04-09,0.5471572045524787,30.81663511570057,66.10830982738048,1012.5505364915733,0.7488088707789688,44.200350552853884,flat,LOW
2025-04-10,3.557720508727372,29.334149940697476,66.12759055257091,1010.2367373521298,0.9887112952534968,44.887150628443955,flat,LOW
2025-04-11,3.9531688134303806,29.342289504752102,60.699332350741095,1010.8664415248852,1.0986319282014072,40.46114700303639,steep,LOW
2025-04-12,1.672752047991433,29.34157281361091,68.19613963880879,1013.1057026197379,1.3070426148265195,49.663889823059876,flat,LOW
2025-04-13,6.156411771431461,28.851441249232643,63.787589787156364,1012.5262048817734,0.6880741197859841,43.594164877405596,moderate,LOW
2025-04-14,9.771510152692667,29.987052963693213,73.2291529588035,1012.9396302857083,0.6017241105646977,37.0249969282862,moderate,LOW
2025-04-15,1.8190536959924863,29.017499114404593,72.06517868443811,1013.231099046329,0.7747449040280066,55.360395502078994,moderate,LOW
2025-04-16,1.8789215103715426,29.975441867034338,67.54517552604335,1011.3386045267964,0.2224125093973084,41.355335220402466,moderate,LOW
2025-04-17,4.094874533356028,31.68402444201216,71.79666885729235,1015.7650412848164,0.9531166910661204,57.583525971495085,steep,LOW
2025-04-18,7.366184348422397,29.944993459822157,67.79331359518045,1012.3243253372995,0.9658056679500999,41.062491390747915,flat,LOW
2025-04-19,3.038834871831661,31.264327548356103,69.5014671872059,1015.8886874041868,0.43514807003963313,62.237461357958665,moderate,LOW
2025-04-20,4.337230090553394,29.15148756723528,66.55692560615253,1015.8885007928047,0.2982934061345597,49.57378893829464,steep,LOW
2025-04-21,13.444180208764298,31.36177936108423,65.20264628425548,1012.1059810801763,0.596161606391516,39.40166276904617,moderate,LOW
2025-04-22,1.2247593863563735,29.530766124274145,61.934830970756764,1011.9443817072802,0.8025481887344219,43.242241074436315,moderate,LOW
2025-04-23,6.204260533477219,29.79951640141201,62.778889922119205,1013.152188957845,0.9107263045281762,35.70556193821793,steep,LOW
2025-04-24,1.8918046240047155,29.424612465923378,71.5352036254845,1009.7897335970831,0.3334473950614646,42.94654901302047,moderate,LOW
2025-04-25,0.7905058473590322,29.697848923395394,66.03351026488927,1013.3037629665786,0.546462866604495,55.46342997716177,moderate,LOW
2025-04-26,1.7256704046090132,30.10254244109176,74.07360737248891,1011.7992351421673,0.9177197304992785,45.551831891168696,steep,LOW
2025-04-27,9.128169271237027,29.777556668301457,70.53302954839728,1012.6390999457457,1.2569993155631392,46.91851593792464,moderate,LOW
2025-04-28,2.4437280071264844,30.41609374209146,63.899943986802484,1015.1962965043755,0.4134221566065039,46.257249343881725,flat,LOW
2025-04-29,0.24832307801288533,29.613497952026396,68.7054769108107,1014.1428984510327,0.8852571101990816,46.95443602951971,moderate,LOW
2025-04-30,5.47345273247279,30.35388888302546,77.82317759941543,1014.8021576804753,0.3306642595450261,64.0987366585858,moderate,LOW
2025-05-01,10.314273195244644,30.766626107242573,64.55760544567103,1014.2514890861792,0.7914164615800683,57.60016276041591,steep,LOW
2025-05-02,7.293048480586561,29.830454537878907,70.05275817529147,1013.4472298128794,1.049685030638261,43.5326275561258,moderate,LOW
2025-05-03,8.531767077046004,30.35098917476029,66.33057587003223,1011.1753637508928,0.9121125622246851,54.87192413921749,flat,LOW
2025-05-04,3.2726160105288935,30.554002244933415,67.56314364753416,1011.6138388960236,0.5902807323773509,51.3558658436563,moderate,LOW
2025-05-05,1.3237284893349053,30.504501216398108,65.26610788867887,1013.660775511312,1.0297826541073045,36.03608793542584,moderate,LOW
2025-05-06,3.173764636509404,30.80930723592895,61.35274092668796,1014.1395958974115,1.0054874132960663,44.17142524777893,flat,LOW
2025-05-07,5.0851035595875915,30.26226579907471,70.80640263200608,1011.0360553887687,1.0238431778200496,53.930247669269804,moderate,LOW
2025-05-08,0.7482697474847643,29.929780583458534,62.276998811065916,1012.2797238728459,0.35888169932263597,49.36328603702782,moderate,LOW
2025-05-09,0.6001566102643587,29.70639514240952,70.58207141377203,1012.2169351324892,0.5086324989682093,39.69411110633501,moderate,LOW
2025-05-10,3.7239583072749944,29.57585377892669,65.8834022550174,1012.2971934639891,1.3827905709858581,40.163517685603786,flat,LOW
2025-05-11,0.8746002999887823,28.976713779646573,72.54530753902549,1012.5780754412586,0.6031700421274798,56.3953448267914,moderate,LOW
2025-05-12,7.471888492197943,29.324999329104713,71.05677210129105,1015.418430785369,0.8457628382623574,58.73228150425524,moderate,LOW
2025-05-13,4.346651177321641,29.76565672374452,61.743806072025045,1012.8198556083828,0.8204963889951163,42.73940182773255,moderate,LOW
2025-05-14,3.7315573779575444,30.161178328719494,68.8357664379242,1010.265574217396,1.2036540453396558,44.56649661669563,flat,LOW
2025-05-15,2.724328051424079,30.840273057390693,74.9302216019304,1013.8887868071554,0.7139898821636798,49.74247510280988,flat,LOW
2025-05-16,3.120365887778517,29.22596301253076,69.26132132001716,1013.4084418512433,0.8975394936311588,41.13409618083752,flat,LOW
2025-05-17,1.5502556589860093,29.129143894919196,62.63974113813161,1015.0313245667713,0.48099071583734077,40.3401239870012,steep,LOW
2025-05-18,2.196243046733909,28.715595498418125,72.16475603811342,1014.6934724883821,0.9176801217318702,49.09214525436769,moderate,LOW
2025-05-19,2.297155837016635,30.529625922258774,71.82402135863295,1011.6133915455991,0.744415279611033,43.2437677246574,flat,LOW
2025-05-20,4.231261592942293,28.707711168233228,60.60433722929119,1009.8723929995887,0.6706123919704745,45.03902444596693,moderate,LOW
2025-05-21,6.010831377392681,29.90285223433891,67.08544604906146,1011.4257647295858,0.8186918634455437,37.06290312248064,moderate,LOW
2025-05-22,1.4982534413562962,29.141755772126906,73.31266758154959,1010.7547536228234,0.5530313764381393,47.89128264414344,steep,LOW
2025-05-23,11.381155413235094,30.853474696740243,66.55167725087284,1015.1975352447259,0.6351720819587,49.648576860028044,moderate,LOW
2025-05-24,1.2113132420515733,28.303675038158904,70.13474805394593,1014.8129162416247,0.592839650451204,38.399026296588346,moderate,LOW
2025-05-25,1.450973214870973,29.405245439005295,66.46994938451596,1016.3487184803737,0.5419136433013207,54.95767823701783,steep,LOW
2025-05-26,3.8914549858734437,30.198213276846094,65.89871051149882,1014.1101394401427,0.8636665957041582,41.804143997731835,moderate,LOW
2025-05-27,2.12714747940908,30.752292727031413,70.35850332531315,1014.1327127581413,0.8999459567413131,35.09223587042538,moderate,LOW
2025-05-28,1.3694095039995386,30.96064980225319,66.73369195170595,1011.5196517914115,1.0086867872853411,38.571672405703296,steep,LOW
2025-05-29,8.897457672115232,27.95025132868821,70.71994807161309,1012.207068235907,1.2184247367142897,42.09131001737835,steep,LOW
2025-05-30,12.098518732082212,29.0130356893497,69.94312637072225,1011.2853084948916,0.9490515176581907,45.24033579727039,steep,LOW
2025-05-31,3.8168397749776157,28.642779241063003,68.81940384538021,1011.8023473090865,0.6184596655372259,44.74241284447283,flat,LOW
2025-06-01,8.971247074852338,28.518358982453545,76.60036086898573,1005.2877696259388,1.2418682098250078,58.47771998830251,moderate,LOW
2025-06-02,8.602484481337546,28.93394632676306,73.31495785702123,1006.4451928304877,0.2,50.394350213095954,steep,LOW
2025-06-03,24.477241362344472,29.574940856214084,75.73565657310432,1004.9254981074688,1.3538447717975912,61.1235620250634,steep,MEDIUM
2025-06-04,76.70649176053611,30.36034811550457,72.88525035909643,1006.0300038434183,1.592352569983409,59.896362346272845,moderate,MEDIUM
2025-06-05,11.17073667758418,27.483231858599158,84.43383001978528,1006.3018116733201,1.000661376723227,63.020600376237454,steep,MEDIUM
2025-06-06,12.089770459940848,29.095566234462304,72.82869570429942,1007.2949813088659,0.7910919482175397,49.414187924013554,moderate,LOW
2025-06-07,81.44408971906572,28.867850179975655,78.3954991027291,1006.1187276912271,2.037378051349712,78.66183979701457,moderate,HIGH
2025-06-08,22.191086492629296,28.165003543284914,76.97506303200437,1005.5482719150135,0.7667320412004399,47.22343278780038,moderate,MEDIUM
2025-06-09,146.66241526531755,28.483890610722025,83.45286793686924,1006.6767484719503,3.0740189493301924,80.42185862586048,moderate,HIGH
2025-06-10,12.236319101112507,28.19966555382094,79.90981516742404,1004.3152913250676,0.8872202428365469,62.84235694310924,moderate,MEDIUM
2025-06-11,6.499956220610457,29.99804811150983,70.59334969624932,1005.1777949098579,1.498614966493177,56.063312445399745,steep,MEDIUM
2025-06-12,7.814150385515998,29.372526469116544,73.44168811915624,1006.058552155497,1.048125794624968,45.920614303904905,steep,MEDIUM
2025-06-13,10.866491570758383,27.6778352345336,79.07156742960754,1006.70153382964,1.0002949971196338,60.03277023897581,moderate,MEDIUM
2025-06-14,2.8786161941648567,28.519489556281982,83.24132188195405,1005.5611288869662,1.080975325027223,67.54311952473638,steep,MEDIUM
2025-06-15,5.136987319782671,28.705615534503142,74.27401264589268,1009.3471246875112,0.5616650895772877,54.8014612903508,flat,LOW
2025-06-16,4.4024683950890156,28.74895267889852,84.23713168411841,1009.267204716012,0.76797160953174,41.30318062476164,steep,LOW
2025-06-17,193.18797995604066,29.719105353667267,75.12490151772793,1005.7130245818338,3.5847082577167346,88.43458778207682,moderate,HIGH
2025-06-18,28.257396074077082,27.23158876348065,80.2260635512351,1006.1995343801883,1.3337884252511478,62.28131919980801,moderate,MEDIUM
2025-06-19,15.430687828458472,27.965128649814574,84.12198239964388,1008.2710208890406,0.6757190258712766,60.58064714685259,moderate,MEDIUM
2025-06-20,7.880500354933502,28.527010493278695,62.91809376739894,1006.2154927637278,0.9027755612808056,61.439104181028405,moderate,MEDIUM
2025-06-21,11.038353518999457,28.231869257257678,71.692124688011,1003.3042597603892,0.5942804602573473,69.21654738247771,steep,MEDIUM
2025-06-22,15.74452642505639,29.107065928408502,67.13900930072205,1005.8904146464167,0.9225141761633304,60.975106467767446,flat,MEDIUM
2025-06-23,1.5924481487137945,27.70228343709966,82.85029295103801,1004.5727944437217,0.7991315408402465,58.34694648283248,moderate,MEDIUM
2025-06-24,11.801446484755772,28.63076001166352,70.4852945637638,1001.7234438474178,0.9714084106627998,61.78849885498797,moderate,LOW
2025-06-25,8.265325956764059,28.582353031405624,80.97318112502039,1010.4374803194983,0.7447224844040025,53.66744854991054,flat,LOW
2025-06-26,38.379283933072564,30.701344242656972,79.6252237059315,1004.3953571897999,1.2267133652478444,55.933415728020314,flat,LOW
2025-06-27,9.280233405718267,29.444251561251455,79.49424022219196,1006.5490559305995,1.0286129584647097,61.68950593480348,flat,LOW
2025-06-28,22.162298802136615,28.734959050906966,78.81359367516401,1006.5592110130078,1.4150339323955263,56.97903404190646,moderate,MEDIUM
2025-06-29,18.244889896199933,27.811567295914084,75.53891573412196,1004.0837388767222,0.81079957781318,61.60029437687193,flat,LOW
2025-06-30,20.211559363019692,27.610279139783117,80.26540037343881,1006.9717294815788,0.9550014839235883,59.31608380871797,flat,LOW
2025-07-01,33.94448260392963,28.77086008583164,81.33522773791826,1003.4267623597407,1.4883254030993462,58.886363331640325,moderate,MEDIUM
2025-07-02,5.184120644466647,27.215478153374395,83.73053319525874,1007.2368406428731,0.6727317950769568,57.46381590635855,flat,LOW
2025-07-03,13.050650404413041,28.683439082675967,79.27095338278829,1004.035659002239,1.108631787794663,58.90789922729796,flat,LOW
2025-07-04,23.12558605098744,29.383598856549717,77.91356278554507,1006.8372295910356,0.9456074978321641,68.72859808385124,steep,MEDIUM
2025-07-05,2.5062804236649576,28.53323651896095,76.7249217367007,1009.7465102832809,0.9245797635604449,55.5098165181075,flat,LOW
2025-07-06,17.124592827654936,28.076560437377015,69.5651688069573,1006.6213593548642,0.8811048460734019,66.7651650638705,moderate,LOW
2025-07-07,9.46311661802365,27.757181894910246,86.98047322826184,1008.3244267638128,0.7393910007229749,60.09707836861626,steep,LOW
2025-07-08,24.957408181468107,28.11890211917621,84.1287822436181,1002.5960628077216,1.4179789267196254,59.76266532822417,moderate,MEDIUM
2025-07-09,144.97053022786503,26.830321572447385,75.93456806169553,1007.0672205738232,2.932251152156794,73.22142663927292,moderate,HIGH
2025-07-10,7.51942011340938,28.53911390733836,77.3360177352967,1005.6109729938604,1.0443182393132766,73.12715279665264,steep,MEDIUM
2025-07-11,107.00333461399018,26.615788867772075,76.97528866819182,1005.7476192617486,2.2043285299159443,67.80123497243616,flat,HIGH
2025-07-12,19.89240412055688,27.007617059484975,70.40300323720874,1007.4881204519635,1.1242154028219,61.77969817106269,steep,MEDIUM
2025-07-13,16.077545489313856,28.160863578221278,82.09013876861886,1008.897790962167,0.7890760323315937,67.66716801224862,moderate,MEDIUM
2025-07-14,21.68087269273697,25.5933117001211,76.49043392791542,1007.1821799335701,0.9227006860500949,72.54544738050652,flat,MEDIUM
2025-07-15,7.960824471260535,28.318457975845217,85.39015897163482,1005.5984147781621,0.6386604813881072,50.094223130531674,moderate,MEDIUM
2025-07-16,29.576121433085255,26.41122115057694,78.85314725192296,1008.098675836893,0.6271056202409916,59.18724884119761,steep,MEDIUM
2025-07-17,10.968347845809117,26.5525122353301,76.53664353324072,1006.7426115229106,0.62639732566376,51.85617601719478,steep,MEDIUM
2025-07-18,5.155951816419668,27.362981050655186,80.80922209119286,1005.8028826541906,0.9193153556199283,43.44838487562427,flat,LOW
2025-07-19,0.43481013994922096,27.845068042445025,71.5079476051903,1004.6606712078129,0.5343541420185796,58.36873255749932,moderate,LOW
2025-07-20,13.056393041670137,27.731421284383625,79.11862079163102,1005.9166914812022,0.41179855556017947,59.89235052724628,flat,LOW
2025-07-21,7.846527514073248,27.244853240352427,80.77032418222936,1004.1110413176942,0.8790788079598574,57.75763756337085,moderate,LOW
2025-07-22,8.142085600625064,27.166025878208668,72.45579309356366,1012.1032665465802,0.5524830931751926,57.768412269247094,flat,LOW
2025-07-23,16.3370408936654,27.016284299364145,72.42033070704314,1011.3004384288455,0.8900578839766367,63.629073083811484,moderate,LOW
2025-07-24,9.698521106274663,27.04054556445466,75.96496172840286,1009.3430490183696,0.5463027871979911,54.41474792305721,steep,LOW
2025-07-25,21.223020785237274,26.438574635472037,80.81149922363068,1008.940322946812,0.981814583924707,50.545776111202315,flat,LOW
2025-07-26,24.96354125709552,27.190896178462108,79.88566242155514,1007.9431696156918,0.8410354227519574,53.915833935461144,steep,MEDIUM
2025-07-27,7.4600477530160525,26.235990221611967,80.33567938952626,1009.785643698634,0.8160913306107277,65.08936798459712,moderate,LOW
2025-07-28,39.16306969850933,27.569387958462087,77.04794121494977,1009.3044379933053,1.1794361605999448,77.36005851617861,moderate,MEDIUM
2025-07-29,16.519326416814746,26.047247355107498,71.43999992711105,1009.5128378277153,1.016287014470471,57.89236224066369,flat,LOW
2025-07-30,0.5338971055060175,27.697906390009564,82.97515389192003,1008.1533604682598,0.8068731187823757,46.59865732478403,moderate,LOW
2025-07-31,21.317200256160323,25.576151505503596,76.05761587190894,1005.5154667256847,1.0628848009386733,60.29139304595032,steep,MEDIUM
2025-08-01,27.866997805440633,26.07788779354086,76.19836206287006,1004.5428195681764,1.1058620948817919,60.02161830840003,flat,MEDIUM
2025-08-02,25.197664810616246,26.708622858801576,77.87902555884322,1005.8744351906366,1.0762033370253725,65.76526886451676,moderate,MEDIUM
2025-08-03,19.695053061882717,26.368469232194204,82.25839936614526,1007.1219530848673,1.3756642292760066,51.87578387550295,steep,MEDIUM
2025-08-04,136.85127861144147,26.79712800048044,75.6015951164787,1006.2260748053891,2.6034597630900373,89.08027596644953,flat,HIGH
2025-08-05,3.39734069408446,28.39992257375192,75.36897180602932,1008.6919683595136,1.0215094430610931,53.86025027869864,moderate,MEDIUM
2025-08-06,23.041581378673534,25.83495250156671,65.31784997525997,1008.1907737079576,0.9801669223961665,59.32118425997405,steep,MEDIUM
2025-08-07,4.484221436131669,26.801141305370663,80.91734063315907,1011.5392251385704,0.7622590640342436,65.48045185709837,moderate,MEDIUM
2025-08-08,2.066840047152981,26.688165594640452,74.09772937745667,1003.0914572264908,1.165008887172339,53.54709401533529,moderate,MEDIUM
2025-08-09,25.609228555235013,26.05965841233824,75.29551154868601,1007.6896634189541,1.2324432735045527,66.22077044466944,moderate,MEDIUM
2025-08-10,172.2157053723201,25.46048584930426,80.99587078389995,1007.0843473982823,3.179831617497124,91.77672035098963,moderate,HIGH
2025-08-11,40.45086646191786,26.271444339255343,69.66463543738335,1006.7207802030684,1.390449223651966,67.80120809410585,steep,HIGH
2025-08-12,50.57667651247067,25.811386624205937,77.08772045136067,1008.2504165191998,1.2536015360418415,75.73200742718397,moderate,HIGH
2025-08-13,18.88715311813345,27.793293690610113,77.34357031188392,1010.4594255814985,0.8304083446772224,65.18174524318198,moderate,MEDIUM
2025-08-14,4.642705233563404,25.819744758129087,79.79001217097063,1007.292579092217,0.7514938416766469,57.21636350162371,moderate,MEDIUM
2025-08-15,9.584168481302,28.60022889402465,70.95333377267342,1005.830527845531,0.7173270010752948,72.72107917246706,flat,MEDIUM
2025-08-16,18.40785397734152,27.43679058785296,84.07914679873544,1006.0980863469598,1.0246221720336204,46.712463871536215,moderate,MEDIUM
2025-08-17,6.299366289930339,26.745008619288143,69.51715652212197,1007.2965692135832,0.48786409609331766,51.99741769753836,steep,LOW
2025-08-18,20.700910816341047,25.776702415297915,85.49485831220436,1004.0689886876422,1.1970387458813414,56.65177262025136,moderate,MEDIUM
2025-08-19,21.09401725979286,26.541199487248925,78.6597865066462,1008.0537331713998,1.0923512777761906,63.95359346607079,moderate,LOW
2025-08-20,24.681574533220857,25.237055784353114,79.38351008802442,1010.2838603517074,0.9517024225115708,61.59300039206364,moderate,LOW
2025-08-21,1.0559342421953,24.001849271334986,73.11595753462514,1009.2017159467625,0.9665882387456106,59.77861772791999,flat,LOW
2025-08-22,15.686086404595091,26.387905255330185,74.83814806792088,1009.5269666883646,1.3156811484444768,69.01230256556877,moderate,LOW
2025-08-23,5.294546885629637,26.534437792045743,74.83183957527427,1007.8513276252735,0.5080986883689609,62.23261852539767,flat,LOW
2025-08-24,40.152871058157864,26.406261804435065,88.69840872028857,1005.2627768191154,1.2874976726448137,72.91760112133052,moderate,MEDIUM
2025-08-25,5.084097089169198,26.06832972703989,77.67176727570212,1009.0719789467719,0.9298284483438497,60.962068962613415,steep,LOW
2025-08-26,31.36537148684493,26.74797532977092,81.45641049461457,1007.1993444150937,0.8460148295546337,57.24243557780666,moderate,MEDIUM
2025-08-27,8.188441527485189,27.17975429670279,77.20583641765873,1004.5834401106683,1.157168533637881,57.88488631489323,flat,LOW
2025-08-28,22.587358258976636,25.501320231572677,77.44772994346143,1008.4690218226173,0.9098737277286066,54.56311042502894,flat,LOW
2025-08-29,8.725207069764771,25.058585658434144,81.77634578785198,1007.5050398206345,1.0614920393555232,54.58063005401463,steep,LOW
2025-08-30,34.27933433445096,27.176894992536287,82.30044757133038,1005.6243849659791,1.0100590558354243,60.671509739180244,flat,MEDIUM
2025-08-31,5.247735653520429,25.26142745706223,81.38060967650037,1007.9086066114796,1.1561875984470822,61.77111544110072,moderate,LOW
2025-09-01,19.11262282299569,25.98485053315076,77.80508615886235,1006.5125001061294,1.0976609999241167,64.30755100491962,steep,MEDIUM
2025-09-02,11.363795450748267,26.34375940454929,72.90693070800296,1006.6126249167007,0.43463201233438364,58.95216361804434,flat,LOW
2025-09-03,7.876430101595305,26.611388251560985,88.93354080465937,1009.1545358074334,0.8102617559994878,50.24298403927601,flat,LOW
2025-09-04,9.203213628426894,25.768102796006204,77.48876453557156,1007.9704238952905,0.528599149560796,53.60477547133269,moderate,LOW
2025-09-05,11.181888298955826,24.721745385318155,80.09090680793382,1008.091327445488,0.8364463174231528,50.18350652397896,moderate,LOW
2025-09-06,4.635638634637196,26.47731825301654,86.53428962083665,1008.1232777442821,0.6298685227586746,65.4372917210913,moderate,LOW
2025-09-07,15.06416524813663,26.022425359018282,79.84043354290436,1003.5952187546179,1.0502843207222154,53.52362195103241,steep,LOW
2025-09-08,9.723385281525283,25.233572410312213,84.34472570716562,1007.0010604150661,0.8079316234495575,62.60111492474585,flat,LOW
2025-09-09,3.544873451385091,25.07239922871688,82.18378015610443,1008.0501282199679,0.4397157161575485,53.19777871711841,steep,LOW
2025-09-10,43.56967727248847,26.399816789624847,71.21906907034585,1005.654707697621,1.3797609755727984,66.70106683489466,steep,MEDIUM
2025-09-11,16.091964535273892,25.68900901078836,75.86867563661107,1007.4638750172571,1.0440833653289723,60.80230885152292,moderate,LOW
2025-09-12,5.031358619003425,26.03553689322023,75.94165793761503,1007.4486809108855,0.4912650236566942,66.91730588860575,flat,LOW
2025-09-13,181.42826546036528,25.74010973585537,78.77682873057796,1008.1474529133026,3.236232330964344,85.5702060820009,moderate,HIGH
2025-09-14,2.473660958682798,25.994793836320746,78.17814856745284,1007.5183397459002,1.0714407207992815,49.11449725920665,steep,MEDIUM
2025-09-15,21.880513693843238,28.083226565697544,81.07067762058352,1009.26187559251,0.9514396906945213,53.33169043679551,flat,MEDIUM
2025-09-16,22.58003106066187,25.69906136790936,76.13098690593512,1006.6402855114135,1.219819328451231,66.2720966562922,moderate,MEDIUM
2025-09-17,23.374627594938282,25.707767373446075,85.82894274619493,1006.1638507420377,1.09527237414777,64.75234624215673,moderate,MEDIUM
2025-09-18,12.421709523153242,25.500998387422197,83.56007299068398,1005.8028985304793,1.0279276135152,61.065421442691,flat,MEDIUM
2025-09-19,19.70583537040743,25.439096563875243,78.04183626628226,1004.4114401007473,1.0261831114573154,66.44452823135545,steep,MEDIUM
2025-09-20,7.626504812162056,23.890218146917235,88.07703181891387,1008.0571069670966,0.9886272377956712,57.139192595190195,steep,LOW
2025-09-21,22.004455503703152,25.641877361108282,76.90599464868636,1007.4760787582328,0.8363177372032362,66.35139092430799,moderate,LOW
2025-09-22,55.92010477703816,26.84529249010846,77.5772582088318,1009.3330934114944,1.5147574470865406,54.513392920838584,steep,MEDIUM
2025-09-23,29.722309001540175,25.35058851795122,68.89427207556245,1008.890161705236,0.7450073933070576,63.46616244125776,moderate,MEDIUM
2025-09-24,2.9567270661323373,26.485386215951984,71.66197365635647,1005.4853707090524,0.2,42.153082283624386,steep,LOW
2025-09-25,51.42415564257779,25.572009175186377,82.36787101243182,1005.9712219603559,1.5307708013990888,64.62433099301792,steep,MEDIUM
2025-09-26,8.255276565984557,26.168733892639636,75.64210520175409,1007.2547346092964,1.169819790031908,57.06094716830902,moderate,MEDIUM
2025-09-27,163.5283872125053,24.236620579488225,77.51895069053612,1009.9133777018325,2.956670706870861,80.0393864088961,moderate,HIGH
2025-09-28,15.314917686872537,26.8646829421243,76.19995821345044,1005.5189491774994,0.8732929670481792,51.18351599945767,moderate,MEDIUM
2025-09-29,9.424996545166618,24.886025560108383,81.85251106927898,1006.0433252230173,1.1311490592010451,55.66458643416802,flat,MEDIUM
2025-09-30,15.255468968168536,24.469465421084983,83.04396769621066,1006.8246341550841,1.1262110538612313,64.12004568330728,flat,MEDIUM
2025-10-01,1.5358310319511848,25.55742114905197,72.68214639733249,1012.6435981142739,0.9788899098413397,48.19350604425639,moderate,MEDIUM
2025-10-02,2.6468618021858985,26.754791467606406,67.7289227066834,1014.0623488873678,0.7512929460952149,46.269257569545836,flat,LOW
2025-10-03,8.64123546338044,25.973213245621523,64.49064748224515,1012.6540569074701,0.9069679788378603,52.25048044649096,flat,MEDIUM
2025-10-04,1.229243712455948,25.732423129955716,63.065043221612314,1015.6727694748638,1.0842584048713273,47.03061543325301,moderate,LOW
2025-10-05,6.515608639551128,26.388339879507438,61.36155861280716,1017.0196154979423,1.0641483519632775,42.41067185902332,moderate,LOW
2025-10-06,5.417264714753232,26.07297449167537,71.71703420639132,1011.8671162240064,0.5022319725502141,48.51331898231683,moderate,LOW
2025-10-07,4.127018682435308,25.610974425253595,71.57475945519998,1014.2118650152936,0.5648157875182125,37.44120221713894,flat,LOW
2025-10-08,5.641077269898207,25.407383263791502,69.48912221243302,1016.004710942552,0.83590233087573,34.41412603975439,moderate,LOW
2025-10-09,13.989389062743932,25.84592824027104,66.86832283483933,1013.1917659185501,0.9584038742296019,55.078212261852066,moderate,LOW
2025-10-10,9.052567157524855,25.547721807553526,64.65408508480697,1009.3658259417597,0.9047338603443328,60.73588709293163,flat,LOW
2025-10-11,6.163678711199736,25.63869089012646,72.9232074416663,1017.0173872805797,1.164442164617201,51.56126421477611,flat,LOW
2025-10-12,4.338979115457436,24.682591748360334,62.366008211200295,1013.0996000690438,0.6920866213751922,35.364754934280825,flat,LOW
2025-10-13,2.784600590891003,25.5525904401915,66.39523499641828,1011.766725720151,0.97343655005735,32.09737915398046,moderate,LOW
2025-10-14,3.676623872812557,26.180351107435854,65.30513245860453,1011.1641523898153,0.7533203249184515,42.460446633485915,flat,LOW
2025-10-15,2.770016768662935,27.84619388360504,67.02619886634656,1014.1123137303982,0.9031276098765323,50.53531402132694,moderate,LOW
2025-10-16,4.285417554552241,25.4145770153723,69.62759401419635,1017.0572916748492,1.066951740559173,47.77023878875529,moderate,LOW
2025-10-17,1.6144581010913295,26.643794350828184,75.43583596729096,1011.4582676558092,0.6033197941605807,60.51179927231345,flat,LOW
2025-10-18,12.421188019824815,26.093227607358155,66.47254556170051,1014.8851102830205,1.225762207873372,39.618162591987655,moderate,LOW
2025-10-19,7.193596630411234,25.512967289324095,73.047710769347,1015.2069064094251,0.6954934267881339,47.56560519047731,flat,LOW
2025-10-20,1.5688010468011533,25.94481337772416,63.16561954134683,1011.5680521505489,0.45727092321312746,48.42073915541265,steep,LOW
2025-10-21,1.3775628009326208,26.267533155614213,58.986332249726495,1013.063458397071,1.1305444459508451,56.920672289036204,moderate,LOW
2025-10-22,4.646385161424591,24.99104926802136,67.43265022804962,1015.4565823138663,0.9196104959764584,40.69097127483352,moderate,LOW
2025-10-23,0.20509733599578917,25.300295060364764,68.39160345869466,1012.59434407268,0.6677086866349656,43.8077278896564,flat,LOW
2025-10-24,5.557160065023999,25.746381713739755,70.0087413990239,1014.6522470873056,0.6443509282947025,45.417754895044865,steep,LOW
2025-10-25,1.2387630372930043,24.917594446200603,66.27317694397632,1011.099620006248,1.2655631947767394,41.66236425366389,moderate,LOW
2025-10-26,2.654818361533688,25.74181618871059,67.335565976888,1005.9415800939526,0.7541122344234621,45.52286910463657,moderate,LOW
2025-10-27,9.22958958738809,26.673795352104225,62.49215609777597,1014.5346846853922,0.695324894027177,38.09155616119783,moderate,LOW
2025-10-28,9.751250690513938,27.2348315559317,64.25633643092098,1015.095702209096,0.6832287510484727,48.03998830400151,flat,LOW
2025-10-29,6.056205232323169,25.463703847867148,72.40153476046282,1016.4633131886508,0.6448922229208178,33.06180624973325,moderate,LOW
2025-10-30,2.7525914248777683,26.517980453267473,65.71803785087201,1012.4622960573126,0.7162589921390199,55.70116627962678,moderate,LOW
2025-10-31,1.0536347858708779,26.202979956922565,62.35285999654511,1009.8753930261516,0.8746885195215657,49.94953403796114,flat,LOW
2025-11-01,4.629563635261818,26.592654800568504,71.023749519699,1007.7884228249455,0.7093187149083287,49.319763862536206,moderate,LOW
2025-11-02,3.7773714205143145,26.195142585241165,75.53959708617434,1015.2539725045623,0.7270195330648562,44.18028251800369,moderate,LOW
2025-11-03,5.996764302531188,25.068024393435724,69.10614771000311,1013.30574142224,0.9639154035446622,55.67620794901701,moderate,LOW
2025-11-04,15.81122978405377,25.123251507021916,65.1896406244494,1012.2545065993844,1.0852002345491512,40.740935166002956,flat,LOW
2025-11-05,3.2003853357009264,26.84188388807846,71.20660694232677,1015.3331342702079,0.665249484757714,53.89775077389045,moderate,LOW
2025-11-06,0.8648509065871096,26.221983424289476,74.01189058288878,1011.7957158387208,0.5937994123576973,43.6176019488227,moderate,LOW
2025-11-07,2.4023586621350637,25.16068939532956,65.1413944441144,1015.3549235058707,0.7587668820516451,40.18137222758485,moderate,LOW
2025-11-08,2.1649171585972766,27.38280513745517,68.28005813187335,1010.0029009452567,1.304848911215398,48.03566996764141,flat,LOW
2025-11-09,7.3901328539902735,27.332099807553444,64.68826105660052,1013.6369468255488,0.5143844352486199,50.772860698287175,flat,LOW
2025-11-10,7.387324105161896,26.19020760178296,66.7450558970582,1011.2635376519705,1.0084174152484868,56.53602687296434,moderate,LOW
2025-11-11,5.610900589213469,26.33820547042625,60.36702133317642,1010.3968052977788,0.5889180210503093,30.8686020233785,moderate,LOW
2025-11-12,4.89641590970914,24.604472751653315,58.880645724898,1012.9953172236261,1.2660687300166313,40.8439530153448,moderate,LOW
2025-11-13,2.3971616608389543,27.353829628593576,66.27024184916728,1011.6197901838957,1.0904750634437752,45.67847899692101,steep,LOW
2025-11-14,1.9586764915240897,26.62688493537668,70.1739381310733,1013.2632586228583,0.6030114018737359,45.28202180026381,moderate,LOW
2025-11-15,7.406657818481229,25.237149648744975,59.60288132505358,1009.5465636953592,0.9655925566657038,38.05046849315807,flat,LOW
2025-11-16,4.095905154143015,26.81191584319227,68.79151768545263,1007.5805405144381,0.6805322671000226,48.59010771156547,steep,LOW
2025-11-17,2.706473563709946,27.704391972196,73.06428104074276,1013.7011757737264,0.7821208187707016,55.070388737002816,flat,LOW
2025-11-18,8.409114485743213,26.236841398956187,71.83562416008779,1014.6320838105103,0.7784773498881582,43.802624741021795,steep,LOW
2025-11-19,11.36510330540001,26.333702499508608,69.75466538227349,1013.9731979954972,0.7398849597706765,59.88940990821831,steep,LOW
2025-11-20,5.522288648071351,26.21376566552737,67.55784061778861,1010.4933555419567,0.7397467116576757,35.40585062966316,moderate,LOW
2025-11-21,5.090932027872737,26.52170997178733,71.80733207594496,1010.7284078262202,0.8274059472812217,50.66020844939212,moderate,LOW
2025-11-22,6.155937212157437,26.537421566348865,62.18304447952387,1015.86249315858,0.5030587946442746,34.37206133806594,moderate,LOW
2025-11-23,2.5513303431356773,27.0820030450706,58.0425046877516,1010.9275180548337,0.5944653875418389,50.998256296556335,steep,LOW
2025-11-24,8.12148311623963,24.749754692850196,69.95426510609279,1015.9411474784492,1.1302698486969864,49.45886553564198,moderate,LOW
2025-11-25,2.2950941222530794,25.58885577067033,62.26079385924807,1014.8851031023306,0.6266366006324142,37.07197826290561,flat,LOW
2025-11-26,5.2472200801283195,25.836636267439932,78.23703281929969,1012.9510963625067,1.1280403168192983,52.042517824285326,flat,LOW
2025-11-27,2.3225990576083637,27.95465617712722,58.615420119396326,1014.0995605219643,0.7045352846832206,38.11512771807171,moderate,LOW
2025-11-28,0.9104608989155971,26.177609636399765,65.50104367922,1012.8570430126761,0.45976524800736235,56.14882233695042,moderate,LOW
2025-11-29,12.225551802670031,26.409453693958103,76.79207807246515,1011.843880520252,0.8388102715427693,51.874164643881706,moderate,LOW
2025-11-30,6.26934939266623,27.896384177955635,72.45022251505071,1015.5999567057552,0.7664347657628908,39.90171017795051,moderate,LOW
2025-12-01,0.7146370504445083,27.365796222055117,76.12493024088675,1013.3791016918283,0.960545480682219,31.136576465262966,steep,LOW
2025-12-02,0.6939395707447237,27.358005715714388,73.30912176008864,1012.6820637835416,0.8529522195882981,48.86860810372335,moderate,LOW
2025-12-03,1.250630960418801,27.470665956633795,72.4701220154513,1013.6241328481578,0.42663448603645043,50.01997577364708,moderate,LOW
2025-12-04,2.390701780552176,26.461689705458795,72.44421889427214,1010.16377053284,0.48748904300667806,43.057195074380964,moderate,LOW
2025-12-05,7.874509813689832,28.12897136739104,74.74710108491843,1010.6519833479547,0.2,45.67562511562278,steep,LOW
2025-12-06,10.90260727384305,28.483757357983272,56.860338020916494,1012.2638987723415,0.7592364418037089,54.70175026554658,steep,LOW
2025-12-07,7.380937421887205,27.806821649185995,70.54520984296747,1009.6575312294408,0.29396060412788627,53.37306564342851,flat,LOW
2025-12-08,0.9897007196438173,27.442773371154626,67.58574436666227,1009.8960276937478,1.1862347366856847,52.17798089086182,moderate,LOW
2025-12-09,2.843825914773422,26.282908889048255,69.61338218268484,1010.3385351262784,0.7250238345103097,37.246573388218,moderate,LOW
2025-12-10,11.247126733719622,27.387837719532914,57.94310069459338,1011.8059964829579,0.984009930681881,48.04602287169048,moderate,LOW
2025-12-11,4.330242450296959,28.284459219451907,64.72384440530828,1008.5158625597287,0.5157609488031656,37.97008109546464,moderate,LOW
2025-12-12,0.05884751088033602,28.4338431231386,68.03606231416818,1014.7926336323528,0.2904331292754331,33.79490053418779,steep,LOW
2025-12-13,3.98172780735079,26.434651043270566,68.50390864475116,1010.7081248633198,1.0564435293366743,64.69207414017981,moderate,LOW
2025-12-14,2.0606637202991913,26.017767356028788,75.77430915513568,1010.9416163134579,0.6382012353828598,49.89638138009913,steep,LOW
2025-12-15,3.0949751722300087,27.458988876233512,64.86181091680392,1011.8523615934141,0.8493946569669185,46.76128690067591,flat,LOW
2025-12-16,5.162299505327236,26.581194609365884,70.62578645015135,1011.5540373067979,0.8762978084040479,50.593947112602976,flat,LOW
2025-12-17,3.776411892805101,28.617303730073672,73.88622666414548,1014.5285723847401,1.1974863828245876,35.50767670163626,flat,LOW
2025-12-18,1.4098647998552907,27.96088662664017,74.16610082755362,1010.692846736636,0.5930117525783966,45.894204227487464,moderate,LOW
2025-12-19,6.907810895591934,27.88422666710974,64.32401780918842,1010.4069833387221,0.7223036850374775,39.454422432137264,moderate,LOW
2025-12-20,5.212561122522571,29.173865249371886,64.32276340380052,1012.7611378642036,0.937979083310293,52.02626842476718,moderate,LOW
2025-12-21,5.123027107729681,27.0910685451784,72.59040980175192,1014.8094583003128,1.155067075304329,34.089402120559654,moderate,LOW
2025-12-22,6.766125497019458,28.054125533569263,73.29902212465683,1011.8472495048991,0.6939443824273138,38.495957393873596,moderate,LOW
2025-12-23,2.3683907647573093,27.10784415912322,66.64497607555803,1012.4337913686877,1.2040588364366238,42.595962612894525,moderate,LOW
2025-12-24,2.1827168167048256,26.372045871035326,60.14316876094453,1010.586003440694,0.77866496094059,52.86062310949782,steep,LOW
2025-12-25,2.242835483665598,27.5617545903088,73.37884746853575,1012.106235196784,0.7217632892050597,55.523024097296044,flat,LOW
2025-12-26,1.8132495418168624,27.148838233655784,70.10241006368,1014.0306803081455,0.3854088180026397,46.498033352972946,flat,LOW
2025-12-27,5.575341867539533,28.23059434433458,66.48403323310124,1014.866660041728,0.56536443393553,36.59264732654444,moderate,LOW
2025-12-28,5.067117165390988,27.22919958051409,69.98877238037676,1009.0575452119112,0.6142121197559898,49.051956915860046,moderate,LOW
2025-12-29,5.050569717745278,27.89802580660596,70.97579003208428,1014.9055940462306,0.7988816485963309,40.05951339351058,moderate,LOW
2025-12-30,5.952995994722777,27.819677339145,66.07057950819262,1012.793276433362,0.5369743076084972,32.929338933723635,moderate,LOW
2025-12-31,7.428864312501312,28.295140928740974,73.41591457422588,1014.1918220935246,0.7072654200185029,39.50985505861989,moderate,LOW
